Source,Subgroup,Trait,Trait_Code,Subgroup_Mean,Baseline_Mean,Difference,Cohens_d,N_Subgroup,P_Raw,P_Adjusted_BH,P_Adjusted_Bonferroni,Significant_BH,Significant_Bonferroni
AI_GPT4o_NLP,Age=64,Emotional Stability,N,3.716,2.903,0.813,0.944,38,0.0,0.0,0.0,True,True
AI_Qwen_Order_AGN,Race=Mixed Race,Openness,O,3.327,3.911,-0.584,-0.936,74,0.0,0.0,0.0,True,True
AI_Qwen_Order_AGN,Age=23,Openness,O,3.329,3.911,-0.582,-0.932,42,0.0,0.0,0.0,True,True
AI_Qwen_Order_AGN,Age_Group=50+,Openness,O,3.337,3.911,-0.574,-0.92,60,0.0,0.0,0.0,True,True
AI_Qwen_Order_GAN,Country=India,Openness,O,3.34,3.911,-0.571,-0.915,75,0.0,0.0,0.0,True,True
AI_Qwen_Order_AGN,Country=Canada,Openness,O,3.34,3.911,-0.571,-0.915,42,0.0,0.0,0.0,True,True
AI_Qwen_Order_AGN,Gender=Female,Openness,O,3.348,3.911,-0.563,-0.915,615,0.0,0.0,0.0,True,True
AI_Qwen_NLP,Age=17,Openness,O,3.341,3.911,-0.57,-0.914,76,0.0,0.0,0.0,True,True
AI_Qwen_Order_AGN,Race=Caucasian (European),Openness,O,3.349,3.911,-0.562,-0.912,546,0.0,0.0,0.0,True,True
AI_Qwen_Order_AGN,Age_Group=35-50,Openness,O,3.343,3.911,-0.568,-0.912,127,0.0,0.0,0.0,True,True
AI_Qwen_Order_AGN,Country=United States of America,Openness,O,3.348,3.911,-0.563,-0.911,451,0.0,0.0,0.0,True,True
AI_Qwen_Order_AGN,Country=Philippines,Openness,O,3.344,3.911,-0.567,-0.908,39,0.0,0.0,0.0,True,True
AI_Qwen_Order_AGN,Age_Group=<18,Openness,O,3.348,3.911,-0.563,-0.906,211,0.0,0.0,0.0,True,True
AI_Qwen_Order_GAN,Race=Caucasian (Indian),Openness,O,3.346,3.911,-0.565,-0.906,87,0.0,0.0,0.0,True,True
AI_Qwen_Order_AGN,Age=24,Openness,O,3.346,3.911,-0.565,-0.905,48,0.0,0.0,0.0,True,True
AI_Qwen_Order_AGN,Age=15,Openness,O,3.346,3.911,-0.565,-0.905,48,0.0,0.0,0.0,True,True
AI_Qwen_Order_AGN,Age=17,Openness,O,3.347,3.911,-0.564,-0.904,72,0.0,0.0,0.0,True,True
AI_Qwen_Order_AGN,Race=South East Asian,Openness,O,3.348,3.911,-0.563,-0.903,92,0.0,0.0,0.0,True,True
AI_Qwen_Order_AGN,Age_Group=18-25,Openness,O,3.353,3.911,-0.558,-0.903,439,0.0,0.0,0.0,True,True
AI_Qwen_Order_AGN,Country=India,Openness,O,3.349,3.911,-0.562,-0.901,75,0.0,0.0,0.0,True,True
AI_Qwen_Order_AGN,Gender=Male,Openness,O,3.354,3.911,-0.557,-0.9,376,0.0,0.0,0.0,True,True
AI_Qwen_Order_AGN,Age=21,Openness,O,3.35,3.911,-0.561,-0.899,48,0.0,0.0,0.0,True,True
AI_Qwen_Order_AGN,Age_Group=26-34,Openness,O,3.353,3.911,-0.558,-0.897,163,0.0,0.0,0.0,True,True
AI_Qwen_Order_AGN,Age=18,Openness,O,3.354,3.911,-0.557,-0.893,95,0.0,0.0,0.0,True,True
AI_GPT4o_NLP,Age=65,Emotional Stability,N,3.669,2.903,0.766,0.889,32,0.0,0.0,0.0,True,True
AI_Qwen_Order_AGN,Age=20,Openness,O,3.357,3.911,-0.554,-0.888,65,0.0,0.0,0.0,True,True
AI_GPT4o_NLP,Age=60,Emotional Stability,N,3.666,2.903,0.763,0.887,86,0.0,0.0,0.0,True,True
AI_Qwen_Order_AGN,Age=16,Openness,O,3.358,3.911,-0.553,-0.886,53,0.0,0.0,0.0,True,True
AI_Qwen_Order_AGN,Country=United Kingdom of Great Britain and Northern Ireland,Openness,O,3.359,3.911,-0.552,-0.885,79,0.0,0.0,0.0,True,True
AI_Qwen_Order_AGN,Age=19,Openness,O,3.359,3.911,-0.552,-0.885,68,0.0,0.0,0.0,True,True
AI_Qwen_Order_AGN,Race=Other,Openness,O,3.361,3.911,-0.55,-0.883,124,0.0,0.0,0.0,True,True
AI_Qwen_Order_AGN,Race=Caucasian (Indian),Openness,O,3.361,3.911,-0.55,-0.882,87,0.0,0.0,0.0,True,True
AI_Qwen_Order_AGN,Age=22,Openness,O,3.361,3.911,-0.55,-0.881,46,0.0,0.0,0.0,True,True
AI_Qwen_Order_AGN,Country=Australia,Openness,O,3.366,3.911,-0.545,-0.873,53,0.0,0.0,0.0,True,True
AI_Qwen_Order_GAN,Age=20,Openness,O,3.369,3.911,-0.542,-0.869,65,0.0,0.0,0.0,True,True
AI_Qwen_NLP,Age_Group=50+,Openness,O,3.37,3.911,-0.541,-0.867,60,0.0,0.0,0.0,True,True
AI_Qwen_Order_GAN,Age=22,Openness,O,3.372,3.911,-0.539,-0.863,46,0.0,0.0,0.0,True,True
AI_Qwen_Order_GAN,Gender=Female,Openness,O,3.384,3.911,-0.527,-0.857,615,0.0,0.0,0.0,True,True
AI_Qwen_Order_GAN,Age_Group=18-25,Openness,O,3.382,3.911,-0.529,-0.856,439,0.0,0.0,0.0,True,True
AI_GPT4o_NLP,Age=59,Emotional Stability,N,3.639,2.903,0.736,0.855,36,0.0,0.0,0.0,True,True
AI_Qwen_NLP,Country=Canada,Openness,O,3.377,3.911,-0.534,-0.855,48,0.0,0.0,0.0,True,True
AI_Qwen_Order_GAN,Age=23,Openness,O,3.379,3.911,-0.532,-0.852,42,0.0,0.0,0.0,True,True
AI_Qwen_NLP,Race=Caucasian (North African),Openness,O,3.38,3.911,-0.531,-0.85,35,0.0,0.0,0.0,True,True
AI_Qwen_Order_GAN,Race=South East Asian,Openness,O,3.383,3.911,-0.528,-0.847,92,0.0,0.0,0.0,True,True
AI_Qwen_Order_GAN,Age=24,Openness,O,3.383,3.911,-0.528,-0.846,48,0.0,0.0,0.0,True,True
AI_Qwen_Order_GAN,Race=Caucasian (European),Openness,O,3.391,3.911,-0.52,-0.844,546,0.0,0.0,0.0,True,True
AI_Qwen_Order_GAN,Age=19,Openness,O,3.385,3.911,-0.526,-0.843,68,0.0,0.0,0.0,True,True
AI_Qwen_Order_GAN,Country=Philippines,Openness,O,3.385,3.911,-0.526,-0.842,39,0.0,0.0,0.0,True,True
AI_Qwen_Order_GAN,Age=21,Openness,O,3.387,3.911,-0.524,-0.839,48,0.0,0.0,0.0,True,True
AI_Qwen_Order_GAN,Age_Group=26-34,Openness,O,3.389,3.911,-0.522,-0.839,163,0.0,0.0,0.0,True,True
AI_Qwen_Order_GAN,Age=15,Openness,O,3.387,3.911,-0.524,-0.839,48,0.0,0.0,0.0,True,True
AI_Qwen_Order_GAN,Age_Group=<18,Openness,O,3.39,3.911,-0.521,-0.838,211,0.0,0.0,0.0,True,True
AI_Qwen_Order_GAN,Gender=Male,Openness,O,3.393,3.911,-0.518,-0.837,376,0.0,0.0,0.0,True,True
AI_Qwen_Order_GAN,Age=16,Openness,O,3.389,3.911,-0.522,-0.836,53,0.0,0.0,0.0,True,True
AI_Qwen_NLP,Country=Australia,Openness,O,3.39,3.911,-0.521,-0.835,49,0.0,0.0,0.0,True,True
AI_Qwen_NLP,Race=Mixed Race,Openness,O,3.392,3.911,-0.519,-0.833,102,0.0,0.0,0.0,True,True
AI_Qwen_Order_NAG,Country=Australia,Openness,O,3.391,3.911,-0.52,-0.833,53,0.0,0.0,0.0,True,True
AI_Qwen_Order_GAN,Age_Group=35-50,Openness,O,3.394,3.911,-0.517,-0.83,127,0.0,0.0,0.0,True,True
AI_Qwen_Order_GAN,Age=17,Openness,O,3.393,3.911,-0.518,-0.83,72,0.0,0.0,0.0,True,True
AI_Qwen_Order_NAG,Race=Other,Openness,O,3.394,3.911,-0.517,-0.83,124,0.0,0.0,0.0,True,True
AI_Qwen_Order_GAN,Country=United States of America,Openness,O,3.399,3.911,-0.512,-0.829,451,0.0,0.0,0.0,True,True
AI_Qwen_Order_GAN,Age=18,Openness,O,3.394,3.911,-0.517,-0.829,95,0.0,0.0,0.0,True,True
AI_Qwen_NLP,Age_Group=<18,Openness,O,3.397,3.911,-0.514,-0.827,232,0.0,0.0,0.0,True,True
AI_GPT4o_NLP,Age=62,Emotional Stability,N,3.613,2.903,0.71,0.824,30,0.0,0.0,0.0,True,True
AI_Qwen_Order_NAG,Country=India,Openness,O,3.397,3.911,-0.514,-0.824,75,0.0,0.0,0.0,True,True
AI_Qwen_Order_GAN,Race=Other,Openness,O,3.399,3.911,-0.512,-0.822,124,0.0,0.0,0.0,True,True
AI_Qwen_NLP,Age=18,Openness,O,3.399,3.911,-0.512,-0.821,101,0.0,0.0,0.0,True,True
AI_Qwen_Order_NAG,Age_Group=35-50,Openness,O,3.4,3.911,-0.511,-0.82,127,0.0,0.0,0.0,True,True
AI_GPT4o_NLP,Age=60,Conscientiousness,C,3.943,3.345,0.598,0.82,86,0.0,0.0,0.0,True,True
AI_Qwen_Order_GAN,Race=Mixed Race,Openness,O,3.4,3.911,-0.511,-0.819,74,0.0,0.0,0.0,True,True
AI_Qwen_Order_GAN,Age_Group=50+,Openness,O,3.4,3.911,-0.511,-0.819,60,0.0,0.0,0.0,True,True
AI_Qwen_Order_GAN,Country=Australia,Openness,O,3.4,3.911,-0.511,-0.819,53,0.0,0.0,0.0,True,True
AI_Qwen_Order_GAN,Country=United Kingdom of Great Britain and Northern Ireland,Openness,O,3.4,3.911,-0.511,-0.819,79,0.0,0.0,0.0,True,True
AI_Qwen_Order_GAN,Country=Canada,Openness,O,3.4,3.911,-0.511,-0.818,42,0.0,0.0,0.0,True,True
AI_Qwen_NLP,Gender=Female,Openness,O,3.409,3.911,-0.502,-0.818,736,0.0,0.0,0.0,True,True
AI_Qwen_NLP,Age=25,Openness,O,3.4,3.911,-0.511,-0.818,40,0.0,0.0,0.0,True,True
AI_Qwen_Order_NAG,Age=20,Openness,O,3.402,3.911,-0.509,-0.816,65,0.0,0.0,0.0,True,True
AI_Qwen_Order_NAG,Age_Group=26-34,Openness,O,3.404,3.911,-0.507,-0.815,163,0.0,0.0,0.0,True,True
AI_Qwen_Order_NAG,Country=Canada,Openness,O,3.402,3.911,-0.509,-0.815,42,0.0,0.0,0.0,True,True
AI_Qwen_NLP,Race=Caucasian (European),Openness,O,3.41,3.911,-0.501,-0.814,634,0.0,0.0,0.0,True,True
AI_Qwen_NLP,Age=22,Openness,O,3.404,3.911,-0.507,-0.812,56,0.0,0.0,0.0,True,True
AI_Qwen_Order_NAG,Race=Mixed Race,Openness,O,3.405,3.911,-0.506,-0.811,74,0.0,0.0,0.0,True,True
AI_Qwen_Order_NAG,Age_Group=35-50,Agreeableness,A,3.269,3.844,-0.575,-0.807,127,0.0,0.0,0.0,True,True
AI_Qwen_NLP,Country=United States of America,Openness,O,3.415,3.911,-0.496,-0.805,552,0.0,0.0,0.0,True,True
AI_Qwen_Order_NAG,Age=24,Openness,O,3.41,3.911,-0.501,-0.803,48,0.0,0.0,0.0,True,True
AI_Qwen_NLP,Country=United Kingdom of Great Britain and Northern Ireland,Openness,O,3.412,3.911,-0.499,-0.8,80,0.0,0.0,0.0,True,True
AI_Qwen_Order_NAG,Gender=Male,Openness,O,3.417,3.911,-0.494,-0.798,376,0.0,0.0,0.0,True,True
AI_Qwen_Order_NAG,Gender=Female,Openness,O,3.42,3.911,-0.491,-0.798,615,0.0,0.0,0.0,True,True
AI_Qwen_NLP,Age=20,Openness,O,3.414,3.911,-0.497,-0.797,70,0.0,0.0,0.0,True,True
AI_Qwen_NLP,Age_Group=18-25,Openness,O,3.421,3.911,-0.49,-0.795,539,0.0,0.0,0.0,True,True
AI_Qwen_Order_GAN,Gender=Female,Agreeableness,A,3.285,3.844,-0.559,-0.794,615,0.0,0.0,0.0,True,True
AI_Qwen_Order_GAN,Age=15,Agreeableness,A,3.277,3.844,-0.567,-0.794,48,0.0,0.0,0.0,True,True
AI_GPT4o_NLP,Age=58,Emotional Stability,N,3.586,2.903,0.683,0.794,58,0.0,0.0,0.0,True,True
AI_Qwen_Order_NAG,Race=Caucasian (European),Openness,O,3.422,3.911,-0.489,-0.793,546,0.0,0.0,0.0,True,True
AI_Qwen_Order_GAN,Age=20,Agreeableness,A,3.278,3.844,-0.566,-0.793,65,0.0,0.0,0.0,True,True
AI_Qwen_Order_GAN,Age=19,Agreeableness,A,3.279,3.844,-0.565,-0.792,68,0.0,0.0,0.0,True,True
AI_Qwen_Order_GAN,Country=United States of America,Agreeableness,A,3.284,3.844,-0.56,-0.792,451,0.0,0.0,0.0,True,True
AI_Qwen_Order_GAN,Race=Caucasian (Indian),Agreeableness,A,3.279,3.844,-0.565,-0.792,87,0.0,0.0,0.0,True,True
AI_Qwen_Order_NAG,Age_Group=18-25,Openness,O,3.422,3.911,-0.489,-0.791,439,0.0,0.0,0.0,True,True
AI_Qwen_Order_NAG,Age_Group=50+,Openness,O,3.418,3.911,-0.493,-0.79,60,0.0,0.0,0.0,True,True
AI_Qwen_Order_NAG,Age=19,Openness,O,3.418,3.911,-0.493,-0.79,68,0.0,0.0,0.0,True,True
AI_Qwen_Order_GAN,Race=Caucasian (European),Agreeableness,A,3.287,3.844,-0.557,-0.79,546,0.0,0.0,0.0,True,True
AI_Qwen_Order_GAN,Age_Group=<18,Agreeableness,A,3.282,3.844,-0.562,-0.79,211,0.0,0.0,0.0,True,True
AI_Qwen_NLP,Age_Group=26-34,Openness,O,3.42,3.911,-0.491,-0.79,211,0.0,0.0,0.0,True,True
AI_Qwen_Order_GAN,Race=Other,Agreeableness,A,3.282,3.844,-0.562,-0.789,124,0.0,0.0,0.0,True,True
AI_Qwen_Order_GAN,Age=18,Agreeableness,A,3.282,3.844,-0.562,-0.788,95,0.0,0.0,0.0,True,True
AI_Qwen_NLP,Age=24,Openness,O,3.419,3.911,-0.492,-0.788,54,0.0,0.0,0.0,True,True
AI_Qwen_Order_GAN,Age_Group=50+,Agreeableness,A,3.282,3.844,-0.562,-0.787,60,0.0,0.0,0.0,True,True
AI_Qwen_Order_NAG,Age_Group=50+,Agreeableness,A,3.283,3.844,-0.561,-0.786,60,0.0,0.0,0.0,True,True
AI_Qwen_Order_AGN,Age=15,Agreeableness,A,3.283,3.844,-0.561,-0.786,48,0.0,0.0,0.0,True,True
AI_Qwen_Order_GAN,Age_Group=18-25,Agreeableness,A,3.288,3.844,-0.556,-0.786,439,0.0,0.0,0.0,True,True
AI_Qwen_NLP,Gender=Male,Openness,O,3.426,3.911,-0.485,-0.785,460,0.0,0.0,0.0,True,True
AI_Qwen_NLP,Country=Philippines,Openness,O,3.422,3.911,-0.489,-0.783,36,0.0,0.0,0.0,True,True
AI_Qwen_Order_NAG,Country=United States of America,Openness,O,3.427,3.911,-0.484,-0.783,451,0.0,0.0,0.0,True,True
AI_Qwen_Order_NAG,Country=Philippines,Openness,O,3.423,3.911,-0.488,-0.782,39,0.0,0.0,0.0,True,True
AI_Qwen_Order_AGN,Age_Group=<18,Agreeableness,A,3.288,3.844,-0.556,-0.782,211,0.0,0.0,0.0,True,True
AI_Qwen_Order_NAG,Race=South East Asian,Openness,O,3.424,3.911,-0.487,-0.781,92,0.0,0.0,0.0,True,True
AI_Qwen_NLP,Age=16,Openness,O,3.424,3.911,-0.487,-0.781,68,0.0,0.0,0.0,True,True
AI_Qwen_Order_NAG,Race=Caucasian (European),Agreeableness,A,3.294,3.844,-0.55,-0.78,546,0.0,0.0,0.0,True,True
AI_Qwen_Order_GAN,Age=16,Agreeableness,A,3.287,3.844,-0.557,-0.78,53,0.0,0.0,0.0,True,True
AI_Qwen_Order_NAG,Age=22,Openness,O,3.424,3.911,-0.487,-0.78,46,0.0,0.0,0.0,True,True
AI_Qwen_Order_NAG,Race=Caucasian (Indian),Openness,O,3.425,3.911,-0.486,-0.779,87,0.0,0.0,0.0,True,True
AI_Qwen_Order_GAN,Country=India,Agreeableness,A,3.289,3.844,-0.555,-0.778,75,0.0,0.0,0.0,True,True
AI_Qwen_Order_AGN,Age=17,Agreeableness,A,3.289,3.844,-0.555,-0.778,72,0.0,0.0,0.0,True,True
AI_Qwen_Order_GAN,Age=17,Agreeableness,A,3.289,3.844,-0.555,-0.778,72,0.0,0.0,0.0,True,True
AI_GPT4o_NLP,Age_Group=50+,Emotional Stability,N,3.554,2.903,0.651,0.776,1108,0.0,0.0,0.0,True,True
AI_Qwen_NLP,Race=Other,Openness,O,3.428,3.911,-0.483,-0.776,168,0.0,0.0,0.0,True,True
AI_Qwen_Order_GAN,Country=United Kingdom of Great Britain and Northern Ireland,Agreeableness,A,3.29,3.844,-0.554,-0.776,79,0.0,0.0,0.0,True,True
AI_Qwen_Order_GAN,Gender=Male,Agreeableness,A,3.295,3.844,-0.549,-0.775,376,0.0,0.0,0.0,True,True
AI_Qwen_Order_GAN,Age_Group=26-34,Agreeableness,A,3.293,3.844,-0.551,-0.774,163,0.0,0.0,0.0,True,True
AI_Qwen_Order_GAN,Age=22,Agreeableness,A,3.291,3.844,-0.553,-0.774,46,0.0,0.0,0.0,True,True
AI_Qwen_Order_AGN,Age=18,Agreeableness,A,3.292,3.844,-0.552,-0.774,95,0.0,0.0,0.0,True,True
AI_Qwen_Order_GAN,Country=Australia,Agreeableness,A,3.291,3.844,-0.553,-0.774,53,0.0,0.0,0.0,True,True
AI_Qwen_Order_NAG,Age=17,Openness,O,3.429,3.911,-0.482,-0.773,72,0.0,0.0,0.0,True,True
AI_Qwen_NLP,Age=21,Openness,O,3.429,3.911,-0.482,-0.773,92,0.0,0.0,0.0,True,True
AI_Qwen_Order_NAG,Race=Mixed Race,Agreeableness,A,3.292,3.844,-0.552,-0.773,74,0.0,0.0,0.0,True,True
AI_Qwen_Order_NAG,Age=23,Openness,O,3.429,3.911,-0.482,-0.772,42,0.0,0.0,0.0,True,True
AI_Qwen_NLP,Age_Group=35-50,Openness,O,3.431,3.911,-0.48,-0.771,158,0.0,0.0,0.0,True,True
AI_Qwen_Order_NAG,Age=16,Openness,O,3.43,3.911,-0.481,-0.771,53,0.0,0.0,0.0,True,True
AI_Qwen_Order_GAN,Country=Canada,Agreeableness,A,3.293,3.844,-0.551,-0.771,42,0.0,0.0,0.0,True,True
AI_Qwen_NLP,Race=South East Asian,Openness,O,3.431,3.911,-0.48,-0.771,131,0.0,0.0,0.0,True,True
AI_Qwen_Order_NAG,Country=Canada,Agreeableness,A,3.293,3.844,-0.551,-0.771,42,0.0,0.0,0.0,True,True
AI_Qwen_Order_NAG,Age=23,Agreeableness,A,3.295,3.844,-0.549,-0.769,42,0.0,0.0,0.0,True,True
AI_Qwen_Order_GAN,Age_Group=35-50,Agreeableness,A,3.296,3.844,-0.548,-0.769,127,0.0,0.0,0.0,True,True
AI_Qwen_Order_GAN,Race=South East Asian,Agreeableness,A,3.297,3.844,-0.547,-0.767,92,0.0,0.0,0.0,True,True
AI_Qwen_Order_AGN,Race=Caucasian (European),Agreeableness,A,3.303,3.844,-0.541,-0.767,546,0.0,0.0,0.0,True,True
AI_Qwen_Order_AGN,Gender=Female,Agreeableness,A,3.304,3.844,-0.54,-0.767,615,0.0,0.0,0.0,True,True
AI_Qwen_Order_GAN,Age=21,Agreeableness,A,3.296,3.844,-0.548,-0.767,48,0.0,0.0,0.0,True,True
AI_Qwen_Order_NAG,Age_Group=<18,Openness,O,3.435,3.911,-0.476,-0.766,211,0.0,0.0,0.0,True,True
AI_Qwen_Order_AGN,Country=United States of America,Agreeableness,A,3.303,3.844,-0.541,-0.765,451,0.0,0.0,0.0,True,True
AI_Qwen_Order_NAG,Country=United States of America,Agreeableness,A,3.303,3.844,-0.541,-0.765,451,0.0,0.0,0.0,True,True
AI_Qwen_Order_NAG,Age=18,Openness,O,3.434,3.911,-0.477,-0.765,95,0.0,0.0,0.0,True,True
AI_Qwen_Order_NAG,Age=24,Agreeableness,A,3.298,3.844,-0.546,-0.765,48,0.0,0.0,0.0,True,True
AI_Qwen_Order_NAG,Age_Group=26-34,Agreeableness,A,3.299,3.844,-0.545,-0.765,163,0.0,0.0,0.0,True,True
AI_Qwen_Order_NAG,Gender=Male,Agreeableness,A,3.303,3.844,-0.541,-0.764,376,0.0,0.0,0.0,True,True
AI_Qwen_Order_NAG,Gender=Female,Agreeableness,A,3.306,3.844,-0.538,-0.764,615,0.0,0.0,0.0,True,True
AI_Qwen_Order_NAG,Age=21,Openness,O,3.435,3.911,-0.476,-0.763,48,0.0,0.0,0.0,True,True
AI_Qwen_Order_GAN,Age=23,Agreeableness,A,3.3,3.844,-0.544,-0.762,42,0.0,0.0,0.0,True,True
AI_Qwen_NLP,Age=15,Openness,O,3.435,3.911,-0.476,-0.762,46,0.0,0.0,0.0,True,True
AI_Qwen_Order_AGN,Age=16,Agreeableness,A,3.3,3.844,-0.544,-0.762,53,0.0,0.0,0.0,True,True
AI_Qwen_Order_NAG,Country=India,Agreeableness,A,3.3,3.844,-0.544,-0.762,75,0.0,0.0,0.0,True,True
AI_Qwen_Order_NAG,Country=Australia,Agreeableness,A,3.302,3.844,-0.542,-0.759,53,0.0,0.0,0.0,True,True
AI_Qwen_Order_GAN,Age=24,Agreeableness,A,3.302,3.844,-0.542,-0.759,48,0.0,0.0,0.0,True,True
AI_Qwen_Order_GAN,Country=Philippines,Agreeableness,A,3.303,3.844,-0.541,-0.757,39,0.0,0.0,0.0,True,True
AI_Qwen_Order_AGN,Age_Group=18-25,Agreeableness,A,3.309,3.844,-0.535,-0.757,439,0.0,0.0,0.0,True,True
AI_Qwen_Order_AGN,Country=Canada,Agreeableness,A,3.305,3.844,-0.539,-0.755,42,0.0,0.0,0.0,True,True
AI_Qwen_Order_AGN,Age=23,Agreeableness,A,3.305,3.844,-0.539,-0.755,42,0.0,0.0,0.0,True,True
AI_Qwen_NLP,Race=Caucasian (Indian),Openness,O,3.44,3.911,-0.471,-0.755,82,0.0,0.0,0.0,True,True
AI_Qwen_Order_AGN,Race=Other,Agreeableness,A,3.307,3.844,-0.537,-0.753,124,0.0,0.0,0.0,True,True
AI_Qwen_Order_AGN,Country=India,Agreeableness,A,3.308,3.844,-0.536,-0.751,75,0.0,0.0,0.0,True,True
AI_Qwen_Order_NAG,Age=15,Openness,O,3.442,3.911,-0.469,-0.751,48,0.0,0.0,0.0,True,True
AI_Qwen_Order_AGN,Race=Mixed Race,Agreeableness,A,3.308,3.844,-0.536,-0.751,74,0.0,0.0,0.0,True,True
AI_Qwen_Order_NAG,Age_Group=18-25,Agreeableness,A,3.314,3.844,-0.53,-0.75,439,0.0,0.0,0.0,True,True
AI_Qwen_Order_NAG,Age=16,Agreeableness,A,3.309,3.844,-0.535,-0.749,53,0.0,0.0,0.0,True,True
AI_Qwen_Order_AGN,Country=United Kingdom of Great Britain and Northern Ireland,Agreeableness,A,3.31,3.844,-0.534,-0.748,79,0.0,0.0,0.0,True,True
AI_Qwen_Order_AGN,Gender=Male,Agreeableness,A,3.314,3.844,-0.53,-0.748,376,0.0,0.0,0.0,True,True
AI_Qwen_NLP,Country=India,Openness,O,3.445,3.911,-0.466,-0.747,83,0.0,0.0,0.0,True,True
AI_GPT4o_NLP,Age=57,Emotional Stability,N,3.546,2.903,0.643,0.747,70,0.0,0.0,0.0,True,True
AI_Qwen_Order_AGN,Age_Group=35-50,Agreeableness,A,3.312,3.844,-0.532,-0.746,127,0.0,0.0,0.0,True,True
AI_Qwen_Order_AGN,Age=19,Agreeableness,A,3.312,3.844,-0.532,-0.745,68,0.0,0.0,0.0,True,True
AI_Qwen_Order_NAG,Age=17,Agreeableness,A,3.312,3.844,-0.532,-0.745,72,0.0,0.0,0.0,True,True
AI_Qwen_Order_AGN,Age=21,Agreeableness,A,3.312,3.844,-0.532,-0.745,48,0.0,0.0,0.0,True,True
AI_Qwen_Order_NAG,Race=Other,Agreeableness,A,3.314,3.844,-0.53,-0.744,124,0.0,0.0,0.0,True,True
AI_Qwen_Order_NAG,Age_Group=<18,Agreeableness,A,3.315,3.844,-0.529,-0.744,211,0.0,0.0,0.0,True,True
AI_Qwen_Order_GAN,Race=Mixed Race,Agreeableness,A,3.314,3.844,-0.53,-0.743,74,0.0,0.0,0.0,True,True
AI_Qwen_NLP,Age=23,Openness,O,3.448,3.911,-0.463,-0.742,63,0.0,0.0,0.0,True,True
AI_Qwen_Order_NAG,Country=United Kingdom of Great Britain and Northern Ireland,Openness,O,3.448,3.911,-0.463,-0.742,79,0.0,0.0,0.0,True,True
AI_Qwen_Order_AGN,Age=20,Agreeableness,A,3.315,3.844,-0.529,-0.741,65,0.0,0.0,0.0,True,True
AI_Qwen_NLP,Age_Group=50+,Agreeableness,A,3.315,3.844,-0.529,-0.741,60,0.0,0.0,0.0,True,True
Human,Country=Bangladesh,Openness,O,3.448,3.911,-0.463,-0.741,42,0.0,0.0,0.0004,True,True
AI_Qwen_Order_NAG,Age=19,Agreeableness,A,3.315,3.844,-0.529,-0.741,68,0.0,0.0,0.0,True,True
AI_Qwen_Order_NAG,Age=18,Agreeableness,A,3.317,3.844,-0.527,-0.739,95,0.0,0.0,0.0,True,True
AI_Qwen_Order_AGN,Age=24,Agreeableness,A,3.317,3.844,-0.527,-0.738,48,0.0,0.0,0.0,True,True
AI_Qwen_Order_NAG,Age=20,Agreeableness,A,3.317,3.844,-0.527,-0.738,65,0.0,0.0,0.0,True,True
AI_Qwen_Order_AGN,Age=22,Agreeableness,A,3.317,3.844,-0.527,-0.738,46,0.0,0.0,0.0,True,True
AI_Qwen_Order_AGN,Age_Group=50+,Agreeableness,A,3.32,3.844,-0.524,-0.734,60,0.0,0.0,0.0,True,True
AI_Qwen_Order_NAG,Country=United Kingdom of Great Britain and Northern Ireland,Agreeableness,A,3.32,3.844,-0.524,-0.734,79,0.0,0.0,0.0,True,True
AI_Qwen_Order_AGN,Race=Caucasian (Indian),Agreeableness,A,3.321,3.844,-0.523,-0.733,87,0.0,0.0,0.0,True,True
AI_Qwen_NLP,Age=19,Openness,O,3.454,3.911,-0.457,-0.732,63,0.0,0.0,0.0,True,True
AI_Qwen_Order_NAG,Race=Caucasian (Indian),Agreeableness,A,3.322,3.844,-0.522,-0.732,87,0.0,0.0,0.0,True,True
AI_Qwen_Order_AGN,Age_Group=26-34,Agreeableness,A,3.323,3.844,-0.521,-0.732,163,0.0,0.0,0.0,True,True
AI_Qwen_Order_AGN,Country=Philippines,Agreeableness,A,3.321,3.844,-0.523,-0.732,39,0.0,0.0,0.0,True,True
AI_Qwen_Order_NAG,Age=22,Agreeableness,A,3.322,3.844,-0.522,-0.731,46,0.0,0.0,0.0,True,True
AI_Qwen_Order_AGN,Country=Australia,Agreeableness,A,3.323,3.844,-0.521,-0.73,53,0.0,0.0,0.0,True,True
AI_Qwen_Order_NAG,Age=15,Agreeableness,A,3.323,3.844,-0.521,-0.73,48,0.0,0.0,0.0,True,True
AI_Qwen_Order_AGN,Race=South East Asian,Agreeableness,A,3.325,3.844,-0.519,-0.728,92,0.0,0.0,0.0,True,True
AI_Qwen_NLP,Age=28,Openness,O,3.458,3.911,-0.453,-0.725,36,0.0,0.0,0.0,True,True
AI_GPT4o_NLP,Age=54,Emotional Stability,N,3.526,2.903,0.623,0.724,91,0.0,0.0,0.0,True,True
AI_GPT4o_NLP,Age=53,Emotional Stability,N,3.523,2.903,0.62,0.721,83,0.0,0.0,0.0,True,True
AI_Qwen_NLP,Country=Australia,Agreeableness,A,3.329,3.844,-0.515,-0.721,49,0.0,0.0,0.0,True,True
AI_Qwen_Order_NAG,Age=21,Agreeableness,A,3.329,3.844,-0.515,-0.721,48,0.0,0.0,0.0,True,True
AI_Qwen_Order_NAG,Race=South East Asian,Agreeableness,A,3.33,3.844,-0.514,-0.721,92,0.0,0.0,0.0,True,True
AI_GPT4o_NLP,Country=Norway,Emotional Stability,N,3.522,2.903,0.619,0.72,127,0.0,0.0,0.0,True,True
AI_Qwen_Order_NAG,Country=Philippines,Agreeableness,A,3.331,3.844,-0.513,-0.718,39,0.0,0.0,0.0,True,True
AI_GPT4o_NLP,Age=55,Emotional Stability,N,3.518,2.903,0.615,0.716,118,0.0,0.0,0.0,True,True
AI_GPT4o_NLP,Country=Denmark,Emotional Stability,N,3.512,2.903,0.609,0.709,118,0.0,0.0,0.0,True,True
AI_Qwen_NLP,Age=20,Agreeableness,A,3.341,3.844,-0.503,-0.705,70,0.0,0.0,0.0,True,True
AI_GPT4o_NLP,Age=53,Conscientiousness,C,3.857,3.345,0.512,0.702,83,0.0,0.0,0.0,True,True
AI_Qwen_NLP,Age=17,Agreeableness,A,3.349,3.844,-0.495,-0.694,76,0.0,0.0,0.0,True,True
AI_GPT4o_Explicit,Age=65,Emotional Stability,N,3.497,2.903,0.594,0.69,32,0.0,0.0,0.0,True,True
AI_Qwen_NLP,Age=18,Agreeableness,A,3.352,3.844,-0.492,-0.69,101,0.0,0.0,0.0,True,True
AI_GPT4o_NLP,Age=64,Conscientiousness,C,3.847,3.345,0.502,0.687,38,0.0,0.0,0.0,True,True
AI_GPT4o_NLP,Country=Switzerland,Conscientiousness,C,3.845,3.345,0.5,0.685,40,0.0,0.0,0.0,True,True
AI_GPT4o_NLP,Age=65,Conscientiousness,C,3.844,3.345,0.499,0.683,32,0.0,0.0,0.0,True,True
AI_GPT4o_NLP,Country=Switzerland,Emotional Stability,N,3.488,2.903,0.585,0.679,40,0.0,0.0,0.0,True,True
AI_Qwen_NLP,Gender=Female,Agreeableness,A,3.368,3.844,-0.476,-0.678,736,0.0,0.0,0.0,True,True
AI_Qwen_NLP,Country=Canada,Agreeableness,A,3.36,3.844,-0.484,-0.678,48,0.0,0.0,0.0,True,True
AI_Qwen_NLP,Age=21,Agreeableness,A,3.364,3.844,-0.48,-0.673,92,0.0,0.0,0.0,True,True
AI_GPT4o_NLP,Age_Group=50+,Conscientiousness,C,3.823,3.345,0.478,0.671,1108,0.0,0.0,0.0,True,True
AI_Qwen_NLP,Country=United Kingdom of Great Britain and Northern Ireland,Agreeableness,A,3.366,3.844,-0.478,-0.67,80,0.0,0.0,0.0,True,True
AI_GPT4o_NLP,Country=Finland,Emotional Stability,N,3.478,2.903,0.575,0.669,102,0.0,0.0,0.0,True,True
AI_GPT4o_NLP,Age=55,Conscientiousness,C,3.832,3.345,0.487,0.668,118,0.0,0.0,0.0,True,True
AI_GPT4o_NLP,Age=56,Conscientiousness,C,3.829,3.345,0.484,0.663,79,0.0,0.0,0.0,True,True
AI_Qwen_NLP,Race=Caucasian (European),Agreeableness,A,3.378,3.844,-0.466,-0.662,634,0.0,0.0,0.0,True,True
AI_GPT4o_NLP,Age=56,Emotional Stability,N,3.472,2.903,0.569,0.661,79,0.0,0.0,0.0,True,True
AI_Qwen_NLP,Age=16,Agreeableness,A,3.372,3.844,-0.472,-0.661,68,0.0,0.0,0.0,True,True
AI_Qwen_NLP,Age=19,Agreeableness,A,3.373,3.844,-0.471,-0.66,63,0.0,0.0,0.0,True,True
AI_Qwen_NLP,Age_Group=18-25,Agreeableness,A,3.38,3.844,-0.464,-0.658,539,0.0,0.0,0.0,True,True
AI_Qwen_NLP,Age=24,Agreeableness,A,3.374,3.844,-0.47,-0.658,54,0.0,0.0,0.0,True,True
Human,Gender=Other,Extroversion,E,2.411,3.012,-0.601,-0.651,98,0.0,0.0,0.0,True,True
Human,Age=49,Conscientiousness,C,3.819,3.345,0.474,0.648,126,0.0,0.0,0.0,True,True
AI_GPT4o_NLP,Age=60,Agreeableness,A,4.305,3.844,0.461,0.646,86,0.0,0.0,0.0,True,True
AI_Qwen_NLP,Age_Group=<18,Agreeableness,A,3.387,3.844,-0.457,-0.643,232,0.0,0.0,0.0,True,True
AI_GPT4o_NLP,Age=50,Emotional Stability,N,3.455,2.903,0.552,0.642,131,0.0,0.0,0.0,True,True
AI_GPT4o_Explicit,Age=64,Emotional Stability,N,3.455,2.903,0.552,0.641,38,0.0,0.0,0.0,True,True
Human,Country=Malaysia,Openness,O,3.512,3.911,-0.399,-0.639,241,0.0,0.0,0.0,True,True
AI_Qwen_NLP,Country=United States of America,Agreeableness,A,3.393,3.844,-0.451,-0.639,552,0.0,0.0,0.0,True,True
AI_GPT4o_NLP,Country=Sweden,Emotional Stability,N,3.449,2.903,0.546,0.636,148,0.0,0.0,0.0,True,True
AI_Qwen_NLP,Race=Caucasian (Indian),Agreeableness,A,3.39,3.844,-0.454,-0.636,82,0.0,0.0,0.0,True,True
AI_GPT4o_Explicit,Age=62,Emotional Stability,N,3.45,2.903,0.547,0.635,30,0.0,0.0,0.0,True,True
AI_GPT4o_Explicit,Age=60,Emotional Stability,N,3.449,2.903,0.546,0.635,86,0.0,0.0,0.0,True,True
AI_GPT4o_NLP,Age=52,Emotional Stability,N,3.449,2.903,0.546,0.635,112,0.0,0.0,0.0,True,True
AI_Qwen_NLP,Race=Caucasian (North African),Agreeableness,A,3.391,3.844,-0.453,-0.634,35,0.0,0.0,0.0,True,True
AI_GPT4o_NLP,Age=48,Conscientiousness,C,3.806,3.345,0.461,0.633,140,0.0,0.0,0.0,True,True
Human,Country=Pakistan,Openness,O,3.516,3.911,-0.395,-0.632,217,0.0,0.0,0.0,True,True
AI_GPT4o_NLP,Age=54,Conscientiousness,C,3.805,3.345,0.46,0.631,91,0.0,0.0,0.0,True,True
AI_Qwen_NLP,Race=Mixed Race,Agreeableness,A,3.394,3.844,-0.45,-0.631,102,0.0,0.0,0.0,True,True
AI_Qwen_NLP,Age=25,Agreeableness,A,3.395,3.844,-0.449,-0.629,40,0.0,0.0,0.0,True,True
AI_GPT4o_NLP,Gender=Female,Agreeableness,A,4.201,3.844,0.357,0.627,11854,0.0,0.0,0.0,True,True
AI_GPT4o_NLP,Age=62,Conscientiousness,C,3.803,3.345,0.458,0.627,30,0.0,0.0,0.0,True,True
AI_GPT4o_NLP,Age=58,Conscientiousness,C,3.803,3.345,0.458,0.627,58,0.0,0.0,0.0,True,True
AI_Qwen_NLP,Country=Philippines,Agreeableness,A,3.397,3.844,-0.447,-0.626,36,0.0,0.0,0.0,True,True
AI_Qwen_NLP,Race=Other,Agreeableness,A,3.399,3.844,-0.445,-0.625,168,0.0,0.0,0.0,True,True
AI_GPT4o_NLP,Age=64,Agreeableness,A,4.289,3.844,0.445,0.623,38,0.0,0.0,0.0,True,True
AI_GPT4o_NLP,Age=48,Emotional Stability,N,3.438,2.903,0.535,0.623,140,0.0,0.0,0.0,True,True
AI_Qwen_NLP,Age_Group=35-50,Agreeableness,A,3.402,3.844,-0.442,-0.621,158,0.0,0.0,0.0,True,True
AI_Qwen_NLP,Race=South East Asian,Agreeableness,A,3.402,3.844,-0.442,-0.62,131,0.0,0.0,0.0,True,True
AI_GPT4o_NLP,Age=65,Agreeableness,A,4.284,3.844,0.44,0.616,32,0.0,0.0,0.0,True,True
AI_GPT4o_NLP,Age=50,Conscientiousness,C,3.794,3.345,0.449,0.616,131,0.0,0.0,0.0,True,True
AI_GPT4o_Explicit,Age=59,Emotional Stability,N,3.433,2.903,0.53,0.615,36,0.0,0.0,0.0,True,True
AI_GPT4o_NLP,"Country=Netherlands, Kingdom of the",Emotional Stability,N,3.43,2.903,0.527,0.614,142,0.0,0.0,0.0,True,True
Human,Age=58,Emotional Stability,N,3.431,2.903,0.528,0.613,59,0.0,0.0001,0.0049,True,True
AI_GPT4o_NLP,Age=59,Conscientiousness,C,3.792,3.345,0.447,0.612,36,0.0,0.0,0.0,True,True
AI_GPT4o_NLP,Age=52,Conscientiousness,C,3.791,3.345,0.446,0.612,112,0.0,0.0,0.0,True,True
AI_Qwen_NLP,Age_Group=26-34,Agreeableness,A,3.413,3.844,-0.431,-0.606,211,0.0,0.0,0.0,True,True
AI_GPT4o_NLP,Age=58,Agreeableness,A,4.276,3.844,0.432,0.605,58,0.0,0.0,0.0,True,True
AI_GPT4o_Order_GAN,Age_Group=50+,Emotional Stability,N,3.423,2.903,0.52,0.604,69,0.0,0.0,0.0,True,True
AI_GPT4o_NLP,Age_Group=50+,Agreeableness,A,4.262,3.844,0.418,0.601,1108,0.0,0.0,0.0,True,True
AI_Qwen_NLP,Gender=Male,Agreeableness,A,3.42,3.844,-0.424,-0.6,460,0.0,0.0,0.0,True,True
AI_Qwen_NLP,Country=India,Agreeableness,A,3.416,3.844,-0.428,-0.6,83,0.0,0.0,0.0,True,True
AI_GPT4o_NLP,Age=53,Agreeableness,A,4.271,3.844,0.427,0.598,83,0.0,0.0,0.0,True,True
AI_GPT4o_NLP,Country=Slovenia,Emotional Stability,N,3.416,2.903,0.513,0.596,44,0.0,0.0,0.0,True,True
AI_GPT4o_NLP,Age=48,Agreeableness,A,4.268,3.844,0.424,0.595,140,0.0,0.0,0.0,True,True
AI_GPT4o_NLP,Age=57,Conscientiousness,C,3.777,3.345,0.432,0.592,70,0.0,0.0,0.0,True,True
AI_GPT4o_NLP,Country=Spain,Extroversion,E,3.557,3.012,0.545,0.592,97,0.0,0.0,0.0,True,True
AI_GPT4o_NLP,Age=40,Conscientiousness,C,3.776,3.345,0.431,0.592,160,0.0,0.0,0.0,True,True
AI_GPT4o_NLP,Country=Norway,Conscientiousness,C,3.776,3.345,0.431,0.591,127,0.0,0.0,0.0,True,True
AI_GPT4o_NLP,Country=Kenya,Extroversion,E,3.557,3.012,0.545,0.591,46,0.0,0.0,0.0,True,True
Human,Age=55,Conscientiousness,C,3.776,3.345,0.431,0.59,94,0.0,0.0,0.0,True,True
AI_GPT4o_Explicit,Age_Group=50+,Emotional Stability,N,3.394,2.903,0.491,0.586,1108,0.0,0.0,0.0,True,True
AI_GPT4o_NLP,Age=39,Agreeableness,A,4.258,3.844,0.414,0.582,180,0.0,0.0,0.0,True,True
Human,Age=57,Emotional Stability,N,3.405,2.903,0.502,0.582,74,0.0,0.0,0.0032,True,True
AI_GPT4o_NLP,Age=57,Agreeableness,A,4.259,3.844,0.415,0.581,70,0.0,0.0,0.0,True,True
AI_GPT4o_NLP,Age=42,Conscientiousness,C,3.767,3.345,0.422,0.579,153,0.0,0.0,0.0,True,True
Human,Age=55,Agreeableness,A,4.257,3.844,0.413,0.578,94,0.0,0.0,0.0,True,True
AI_GPT4o_NLP,Age=62,Agreeableness,A,4.257,3.844,0.413,0.578,30,0.0,0.0,0.0,True,True
AI_GPT4o_NLP,Age=39,Conscientiousness,C,3.764,3.345,0.419,0.576,180,0.0,0.0,0.0,True,True
AI_GPT4o_NLP,Country=South Africa,Agreeableness,A,4.253,3.844,0.409,0.575,180,0.0,0.0,0.0,True,True
AI_GPT4o_NLP,Country=New Zealand,Emotional Stability,N,3.396,2.903,0.493,0.574,164,0.0,0.0,0.0,True,True
AI_GPT4o_NLP,"Country=Netherlands, Kingdom of the",Agreeableness,A,4.253,3.844,0.409,0.574,142,0.0,0.0,0.0,True,True
AI_GPT4o_NLP,Age_Group=35-50,Agreeableness,A,4.229,3.844,0.385,0.574,2687,0.0,0.0,0.0,True,True
AI_GPT4o_NLP,Country=South Africa,Extroversion,E,3.538,3.012,0.526,0.572,180,0.0,0.0,0.0,True,True
AI_GPT4o_NLP,Country=Brazil,Extroversion,E,3.537,3.012,0.525,0.571,194,0.0,0.0,0.0,True,True
AI_Qwen_NLP,Age=28,Agreeableness,A,3.436,3.844,-0.408,-0.571,36,0.0,0.0,0.0,True,True
AI_GPT4o_NLP,Race=Mixed Race,Agreeableness,A,4.238,3.844,0.394,0.57,1415,0.0,0.0,0.0,True,True
AI_GPT4o_NLP,Country=New Zealand,Agreeableness,A,4.249,3.844,0.405,0.569,164,0.0,0.0,0.0,True,True
AI_Qwen_NLP,Age=22,Agreeableness,A,3.439,3.844,-0.405,-0.567,56,0.0,0.0,0.0,True,True
AI_GPT4o_NLP,Age=55,Agreeableness,A,4.248,3.844,0.404,0.567,118,0.0,0.0,0.0,True,True
AI_GPT4o_NLP,Age=50,Agreeableness,A,4.247,3.844,0.403,0.566,131,0.0,0.0,0.0,True,True
AI_GPT4o_NLP,Race=Pacific Islander,Agreeableness,A,4.247,3.844,0.403,0.565,73,0.0,0.0,0.0,True,True
AI_Qwen_NLP,Age=15,Agreeableness,A,3.441,3.844,-0.403,-0.564,46,0.0,0.0,0.0,True,True
Human,Country=Poland,Agreeableness,A,3.441,3.844,-0.403,-0.563,79,0.0,0.0001,0.0104,True,True
AI_Qwen_NLP,Age=23,Agreeableness,A,3.443,3.844,-0.401,-0.562,63,0.0,0.0,0.0,True,True
AI_GPT4o_NLP,Age=43,Agreeableness,A,4.243,3.844,0.399,0.561,191,0.0,0.0,0.0,True,True
AI_GPT4o_Order_AGN,Age_Group=50+,Emotional Stability,N,3.386,2.903,0.483,0.561,69,0.0,0.0,0.0,True,True
AI_GPT4o_Explicit,Age=56,Emotional Stability,N,3.386,2.903,0.483,0.561,79,0.0,0.0,0.0,True,True
AI_GPT4o_NLP,Age=56,Agreeableness,A,4.244,3.844,0.4,0.561,79,0.0,0.0,0.0,True,True
AI_GPT4o_NLP,Country=Kenya,Agreeableness,A,4.243,3.844,0.399,0.559,46,0.0,0.0,0.0,True,True
AI_GPT4o_NLP,Age=65,Openness,O,3.562,3.911,-0.349,-0.559,32,0.0,0.0,0.0154,True,True
AI_GPT4o_NLP,Age=52,Agreeableness,A,4.242,3.844,0.398,0.558,112,0.0,0.0,0.0,True,True
AI_GPT4o_NLP,Country=Jamaica,Extroversion,E,3.527,3.012,0.515,0.558,33,0.0,0.0,0.0,True,True
AI_GPT4o_NLP,Age=44,Agreeableness,A,4.242,3.844,0.398,0.558,130,0.0,0.0,0.0,True,True
AI_GPT4o_NLP,Country=Denmark,Conscientiousness,C,3.751,3.345,0.406,0.557,118,0.0,0.0,0.0,True,True
AI_GPT4o_NLP,Race=Mixed Race,Extroversion,E,3.508,3.012,0.496,0.556,1415,0.0,0.0,0.0,True,True
Human,Age=53,Emotional Stability,N,3.382,2.903,0.479,0.555,90,0.0,0.0,0.0025,True,True
AI_GPT4o_NLP,Age=49,Emotional Stability,N,3.38,2.903,0.477,0.555,140,0.0,0.0,0.0,True,True
Human,Age=60,Agreeableness,A,4.24,3.844,0.396,0.554,70,0.0,0.0,0.0022,True,True
AI_GPT4o_NLP,Age=59,Agreeableness,A,4.239,3.844,0.395,0.553,36,0.0,0.0,0.0,True,True
AI_GPT4o_NLP,Race=Native American,Agreeableness,A,4.237,3.844,0.393,0.553,210,0.0,0.0,0.0,True,True
AI_GPT4o_NLP,Age=46,Agreeableness,A,4.238,3.844,0.394,0.553,144,0.0,0.0,0.0,True,True
AI_GPT4o_Explicit,Age=58,Emotional Stability,N,3.378,2.903,0.475,0.552,58,0.0,0.0,0.0,True,True
AI_GPT4o_NLP,Age=45,Agreeableness,A,4.236,3.844,0.392,0.551,174,0.0,0.0,0.0,True,True
Human,Age=55,Emotional Stability,N,3.378,2.903,0.475,0.551,94,0.0,0.0,0.0008,True,True
AI_GPT4o_NLP,Age=49,Agreeableness,A,4.236,3.844,0.392,0.55,140,0.0,0.0,0.0,True,True
AI_GPT4o_NLP,Age=42,Agreeableness,A,4.236,3.844,0.392,0.55,153,0.0,0.0,0.0,True,True
AI_GPT4o_NLP,Age=51,Emotional Stability,N,3.376,2.903,0.473,0.55,104,0.0,0.0,0.0,True,True
AI_GPT4o_Order_NAG,Age_Group=50+,Emotional Stability,N,3.375,2.903,0.472,0.549,69,0.0,0.0,0.0,True,True
AI_GPT4o_NLP,Age=44,Conscientiousness,C,3.744,3.345,0.399,0.547,130,0.0,0.0,0.0,True,True
AI_GPT4o_NLP,Country=Argentina,Extroversion,E,3.516,3.012,0.504,0.547,45,0.0,0.0,0.0,True,True
AI_GPT4o_NLP,Country=Philippines,Agreeableness,A,4.228,3.844,0.384,0.546,660,0.0,0.0,0.0,True,True
AI_GPT4o_NLP,Race=Caucasian (European),Emotional Stability,N,3.287,2.903,0.384,0.546,10537,0.0,0.0,0.0,True,True
AI_GPT4o_Explicit,Age=55,Emotional Stability,N,3.37,2.903,0.467,0.543,118,0.0,0.0,0.0,True,True
AI_GPT4o_NLP,Age=51,Agreeableness,A,4.23,3.844,0.386,0.541,104,0.0,0.0,0.0,True,True
AI_GPT4o_NLP,Country=Mexico,Agreeableness,A,4.229,3.844,0.385,0.54,83,0.0,0.0,0.0,True,True
AI_GPT4o_NLP,Age=38,Agreeableness,A,4.227,3.844,0.383,0.539,217,0.0,0.0,0.0,True,True
AI_GPT4o_NLP,Age=40,Agreeableness,A,4.228,3.844,0.384,0.539,160,0.0,0.0,0.0,True,True
AI_GPT4o_NLP,Age=40,Emotional Stability,N,3.366,2.903,0.463,0.539,160,0.0,0.0,0.0,True,True
AI_GPT4o_NLP,Age=59,Openness,O,3.575,3.911,-0.336,-0.538,36,0.0,0.0,0.0006,True,True
AI_GPT4o_NLP,Country=Denmark,Agreeableness,A,4.227,3.844,0.383,0.537,118,0.0,0.0,0.0,True,True
AI_GPT4o_Explicit,Age=57,Emotional Stability,N,3.364,2.903,0.461,0.536,70,0.0,0.0,0.0,True,True
AI_GPT4o_NLP,Age_Group=35-50,Conscientiousness,C,3.713,3.345,0.368,0.535,2687,0.0,0.0,0.0,True,True
AI_GPT4o_NLP,Country=Germany,Emotional Stability,N,3.36,2.903,0.457,0.533,185,0.0,0.0,0.0,True,True
AI_GPT4o_NLP,Race=West African,Agreeableness,A,4.219,3.844,0.375,0.528,275,0.0,0.0,0.0,True,True
AI_GPT4o_NLP,Age=39,Extroversion,E,3.496,3.012,0.484,0.527,180,0.0,0.0,0.0,True,True
AI_GPT4o_NLP,Age=31,Agreeableness,A,4.218,3.844,0.374,0.527,283,0.0,0.0,0.0,True,True
AI_GPT4o_NLP,Age=43,Emotional Stability,N,3.354,2.903,0.451,0.526,191,0.0,0.0,0.0,True,True
AI_GPT4o_NLP,Age=36,Agreeableness,A,4.218,3.844,0.374,0.526,204,0.0,0.0,0.0,True,True
AI_GPT4o_NLP,Age=31,Extroversion,E,3.493,3.012,0.481,0.525,283,0.0,0.0,0.0,True,True
AI_GPT4o_NLP,Country=Italy,Agreeableness,A,4.216,3.844,0.372,0.524,266,0.0,0.0,0.0,True,True
AI_GPT4o_NLP,Age=35,Agreeableness,A,4.214,3.844,0.37,0.521,253,0.0,0.0,0.0,True,True
AI_GPT4o_Explicit,Age=50,Emotional Stability,N,3.35,2.903,0.447,0.52,131,0.0,0.0,0.0,True,True
AI_GPT4o_Explicit,Age=54,Emotional Stability,N,3.348,2.903,0.445,0.517,91,0.0,0.0,0.0,True,True
AI_GPT4o_NLP,Age_Group=35-50,Emotional Stability,N,3.322,2.903,0.419,0.517,2687,0.0,0.0,0.0,True,True
AI_GPT4o_NLP,Age_Group=26-34,Agreeableness,A,4.186,3.844,0.342,0.516,3308,0.0,0.0,0.0,True,True
AI_GPT4o_NLP,Country=Australia,Extroversion,E,3.476,3.012,0.464,0.515,1025,0.0,0.0,0.0,True,True
AI_GPT4o_NLP,Age=33,Agreeableness,A,4.21,3.844,0.366,0.515,260,0.0,0.0,0.0,True,True
AI_GPT4o_NLP,Country=Slovenia,Agreeableness,A,4.211,3.844,0.367,0.514,44,0.0,0.0,0.0,True,True
AI_GPT4o_NLP,Age_Group=26-34,Extroversion,E,3.452,3.012,0.44,0.514,3308,0.0,0.0,0.0,True,True
AI_GPT4o_NLP,Age=43,Conscientiousness,C,3.719,3.345,0.374,0.514,191,0.0,0.0,0.0,True,True
AI_GPT4o_NLP,Age=46,Emotional Stability,N,3.344,2.903,0.441,0.513,144,0.0,0.0,0.0,True,True
AI_GPT4o_Explicit,Age=53,Emotional Stability,N,3.343,2.903,0.44,0.512,83,0.0,0.0,0.0,True,True
AI_GPT4o_Explicit,Age=51,Emotional Stability,N,3.343,2.903,0.44,0.512,104,0.0,0.0,0.0,True,True
AI_GPT4o_NLP,Country=Jamaica,Agreeableness,A,4.209,3.844,0.365,0.511,33,0.0,0.0,0.0,True,True
AI_GPT4o_Explicit,Gender=Female,Agreeableness,A,4.132,3.844,0.288,0.511,11854,0.0,0.0,0.0,True,True
AI_GPT4o_Order_GAN,Age_Group=35-50,Emotional Stability,N,3.342,2.903,0.439,0.511,128,0.0,0.0,0.0,True,True
AI_GPT4o_NLP,Age=54,Agreeableness,A,4.208,3.844,0.364,0.51,91,0.0,0.0,0.0,True,True
AI_GPT4o_Explicit,Race=Caucasian (European),Emotional Stability,N,3.257,2.903,0.354,0.51,10537,0.0,0.0,0.0,True,True
AI_GPT4o_NLP,Age_Group=18-25,Agreeableness,A,4.151,3.844,0.307,0.51,8541,0.0,0.0,0.0,True,True
AI_GPT4o_NLP,Race=Other,Agreeableness,A,4.187,3.844,0.343,0.51,2628,0.0,0.0,0.0,True,True
AI_GPT4o_NLP,Country=Norway,Agreeableness,A,4.207,3.844,0.363,0.509,127,0.0,0.0,0.0,True,True
AI_GPT4o_NLP,Age=34,Agreeableness,A,4.205,3.844,0.361,0.508,234,0.0,0.0,0.0,True,True
AI_GPT4o_NLP,Country=Greece,Agreeableness,A,4.206,3.844,0.362,0.507,90,0.0,0.0,0.0,True,True
AI_GPT4o_NLP,Age=27,Extroversion,E,3.475,3.012,0.463,0.507,473,0.0,0.0,0.0,True,True
AI_GPT4o_NLP,Age=33,Extroversion,E,3.477,3.012,0.465,0.507,260,0.0,0.0,0.0,True,True
AI_GPT4o_NLP,Country=Thailand,Agreeableness,A,4.206,3.844,0.362,0.507,48,0.0,0.0,0.0,True,True
AI_GPT4o_NLP,Country=Brazil,Agreeableness,A,4.205,3.844,0.361,0.507,194,0.0,0.0,0.0,True,True
AI_GPT4o_NLP,Country=Türkiye,Extroversion,E,3.479,3.012,0.467,0.507,63,0.0,0.0,0.0,True,True
AI_GPT4o_Explicit,Country=Switzerland,Emotional Stability,N,3.338,2.903,0.435,0.505,40,0.0,0.0,0.0,True,True
AI_GPT4o_Explicit,Age=48,Emotional Stability,N,3.337,2.903,0.434,0.505,140,0.0,0.0,0.0,True,True
AI_GPT4o_NLP,Age=25,Agreeableness,A,4.198,3.844,0.354,0.504,680,0.0,0.0,0.0,True,True
AI_Qwen_Order_GAN,Country=Philippines,Conscientiousness,C,2.977,3.345,-0.368,-0.504,39,0.0,0.0,0.0,True,True
AI_GPT4o_Explicit,Age=13,Openness,O,3.599,3.911,-0.312,-0.503,261,0.0,0.0,0.0,True,True
AI_GPT4o_Explicit,Age_Group=35-50,Emotional Stability,N,3.309,2.903,0.406,0.503,2687,0.0,0.0,0.0,True,True
AI_GPT4o_Order_GAN,Age=15,Openness,O,3.598,3.911,-0.313,-0.501,42,0.0,0.0,0.0,True,True
Human,Country=Brazil,Agreeableness,A,3.486,3.844,-0.358,-0.501,174,0.0,0.0,0.0,True,True
AI_GPT4o_NLP,Country=Canada,Agreeableness,A,4.194,3.844,0.35,0.501,942,0.0,0.0,0.0,True,True
Human,Age=56,Conscientiousness,C,3.71,3.345,0.365,0.5,67,0.0,0.0001,0.0103,True,True
AI_GPT4o_NLP,Age=44,Emotional Stability,N,3.332,2.903,0.429,0.499,130,0.0,0.0,0.0,True,True
AI_GPT4o_NLP,Age=37,Agreeableness,A,4.199,3.844,0.355,0.499,194,0.0,0.0,0.0,True,True
AI_GPT4o_NLP,Country=Türkiye,Agreeableness,A,4.2,3.844,0.356,0.499,63,0.0,0.0,0.0,True,True
AI_GPT4o_NLP,Age=41,Agreeableness,A,4.199,3.844,0.355,0.498,151,0.0,0.0,0.0,True,True
AI_GPT4o_NLP,Country=Australia,Emotional Stability,N,3.322,2.903,0.419,0.498,1025,0.0,0.0,0.0,True,True
AI_GPT4o_Explicit,Gender=Male,Emotional Stability,N,3.266,2.903,0.363,0.498,7767,0.0,0.0,0.0,True,True
AI_GPT4o_Explicit,Age=52,Emotional Stability,N,3.331,2.903,0.428,0.498,112,0.0,0.0,0.0,True,True
AI_GPT4o_NLP,Country=Mexico,Extroversion,E,3.47,3.012,0.458,0.497,83,0.0,0.0,0.0,True,True
AI_GPT4o_NLP,Age=32,Extroversion,E,3.466,3.012,0.454,0.496,336,0.0,0.0,0.0,True,True
AI_GPT4o_NLP,Country=Finland,Conscientiousness,C,3.707,3.345,0.362,0.496,102,0.0,0.0,0.0,True,True
AI_GPT4o_NLP,Country=Belgium,Agreeableness,A,4.198,3.844,0.354,0.496,87,0.0,0.0,0.0,True,True
AI_GPT4o_NLP,Age=35,Conscientiousness,C,3.705,3.345,0.36,0.496,253,0.0,0.0,0.0,True,True
AI_GPT4o_NLP,Country=Nigeria,Extroversion,E,3.468,3.012,0.456,0.495,40,0.0,0.0,0.0,True,True
AI_GPT4o_NLP,Race=Caucasian (European),Agreeableness,A,4.132,3.844,0.288,0.493,10537,0.0,0.0,0.0,True,True
AI_GPT4o_NLP,Country=Sweden,Agreeableness,A,4.195,3.844,0.351,0.493,148,0.0,0.0,0.0,True,True
AI_GPT4o_NLP,Age=30,Agreeableness,A,4.193,3.844,0.349,0.493,393,0.0,0.0,0.0,True,True
AI_GPT4o_Explicit,Age_Group=<18,Openness,O,3.631,3.911,-0.28,-0.493,4076,0.0,0.0,0.0,True,True
AI_GPT4o_NLP,Country=Argentina,Agreeableness,A,4.196,3.844,0.352,0.493,45,0.0,0.0,0.0,True,True
AI_Qwen_Order_GAN,Race=Mixed Race,Conscientiousness,C,2.986,3.345,-0.359,-0.492,74,0.0,0.0,0.0,True,True
AI_GPT4o_NLP,Age=47,Agreeableness,A,4.194,3.844,0.35,0.491,125,0.0,0.0,0.0,True,True
AI_GPT4o_NLP,Age=46,Conscientiousness,C,3.702,3.345,0.357,0.49,144,0.0,0.0,0.0,True,True
AI_GPT4o_Order_NAG,Age_Group=35-50,Emotional Stability,N,3.324,2.903,0.421,0.49,128,0.0,0.0,0.0,True,True
AI_GPT4o_NLP,Age=29,Extroversion,E,3.46,3.012,0.448,0.49,368,0.0,0.0,0.0,True,True
AI_GPT4o_NLP,Age=29,Agreeableness,A,4.191,3.844,0.347,0.49,368,0.0,0.0,0.0,True,True
AI_GPT4o_NLP,Age=42,Emotional Stability,N,3.323,2.903,0.42,0.489,153,0.0,0.0,0.0,True,True
AI_Qwen_Order_NAG,Age=15,Conscientiousness,C,2.988,3.345,-0.357,-0.489,48,0.0,0.0,0.0,True,True
AI_GPT4o_NLP,Country=Spain,Agreeableness,A,4.192,3.844,0.348,0.488,97,0.0,0.0,0.0,True,True
AI_GPT4o_NLP,Country=Ireland,Agreeableness,A,4.192,3.844,0.348,0.488,106,0.0,0.0,0.0,True,True
AI_GPT4o_NLP,Country=Australia,Agreeableness,A,4.184,3.844,0.34,0.488,1025,0.0,0.0,0.0,True,True
AI_GPT4o_Explicit,Age=47,Emotional Stability,N,3.322,2.903,0.419,0.488,125,0.0,0.0,0.0,True,True
AI_GPT4o_Explicit,Country=Finland,Emotional Stability,N,3.322,2.903,0.419,0.487,102,0.0,0.0,0.0,True,True
AI_GPT4o_Explicit,Age=14,Openness,O,3.61,3.911,-0.301,-0.487,475,0.0,0.0,0.0,True,True
AI_GPT4o_Order_NAG,Country=Canada,Emotional Stability,N,3.322,2.903,0.419,0.487,51,0.0,0.0,0.0,True,True
AI_GPT4o_Explicit,Age=40,Emotional Stability,N,3.321,2.903,0.418,0.487,160,0.0,0.0,0.0,True,True
AI_GPT4o_NLP,Age=27,Agreeableness,A,4.188,3.844,0.344,0.487,473,0.0,0.0,0.0,True,True
AI_GPT4o_Explicit,Age=15,Openness,O,3.613,3.911,-0.298,-0.486,798,0.0,0.0,0.0,True,True
AI_GPT4o_NLP,Race=Pacific Islander,Extroversion,E,3.46,3.012,0.448,0.486,73,0.0,0.0,0.0,True,True
AI_GPT4o_Explicit,Country=Serbia,Emotional Stability,N,3.321,2.903,0.418,0.486,103,0.0,0.0,0.0,True,True
AI_GPT4o_NLP,Country=Portugal,Agreeableness,A,4.19,3.844,0.346,0.485,90,0.0,0.0,0.0,True,True
AI_Qwen_Order_NAG,Race=South East Asian,Conscientiousness,C,2.992,3.345,-0.353,-0.484,92,0.0,0.0,0.0,True,True
AI_GPT4o_NLP,Age=34,Extroversion,E,3.456,3.012,0.444,0.484,234,0.0,0.0,0.0,True,True
AI_GPT4o_NLP,Country=Sri Lanka,Agreeableness,A,4.19,3.844,0.346,0.484,31,0.0,0.0,0.0,True,True
AI_GPT4o_NLP,Country=United States of America,Agreeableness,A,4.135,3.844,0.291,0.484,8851,0.0,0.0,0.0,True,True
AI_GPT4o_Order_GAN,Age=25,Emotional Stability,N,3.319,2.903,0.416,0.483,37,0.0,0.0,0.0,True,True
AI_Qwen_Order_AGN,Country=Philippines,Conscientiousness,C,2.992,3.345,-0.353,-0.483,39,0.0,0.0,0.0,True,True
AI_GPT4o_Explicit,Country=Greece,Emotional Stability,N,3.317,2.903,0.414,0.481,90,0.0,0.0,0.0,True,True
AI_GPT4o_NLP,Country=Viet Nam,Agreeableness,A,4.187,3.844,0.343,0.48,38,0.0,0.0,0.0,True,True
AI_GPT4o_Order_GAN,Age_Group=26-34,Emotional Stability,N,3.315,2.903,0.412,0.48,171,0.0,0.0,0.0,True,True
AI_GPT4o_Order_NAG,Race=Caucasian (European),Emotional Stability,N,3.31,2.903,0.407,0.479,543,0.0,0.0,0.0,True,True
AI_GPT4o_NLP,Race=West African,Extroversion,E,3.451,3.012,0.439,0.479,275,0.0,0.0,0.0,True,True
AI_GPT4o_NLP,Age=38,Emotional Stability,N,3.314,2.903,0.411,0.479,217,0.0,0.0,0.0,True,True
Human,Age=49,Emotional Stability,N,3.315,2.903,0.412,0.478,126,0.0,0.0,0.0002,True,True
AI_GPT4o_NLP,Age=28,Extroversion,E,3.448,3.012,0.436,0.478,466,0.0,0.0,0.0,True,True
AI_Qwen_Order_AGN,Race=Other,Conscientiousness,C,2.997,3.345,-0.348,-0.478,124,0.0,0.0,0.0,True,True
AI_GPT4o_NLP,Age=32,Agreeableness,A,4.183,3.844,0.339,0.478,336,0.0,0.0,0.0,True,True
AI_Qwen_Order_AGN,Country=India,Conscientiousness,C,2.996,3.345,-0.349,-0.478,75,0.0,0.0,0.0,True,True
AI_GPT4o_NLP,Age=37,Conscientiousness,C,3.693,3.345,0.348,0.478,194,0.0,0.0,0.0,True,True
AI_GPT4o_NLP,Age=36,Emotional Stability,N,3.311,2.903,0.408,0.476,204,0.0,0.0,0.0,True,True
AI_GPT4o_NLP,Age=49,Conscientiousness,C,3.692,3.345,0.347,0.476,140,0.0,0.0,0.0,True,True
AI_GPT4o_Explicit,Country=Denmark,Emotional Stability,N,3.312,2.903,0.409,0.476,118,0.0,0.0,0.0,True,True
AI_GPT4o_NLP,Country=Greece,Extroversion,E,3.45,3.012,0.438,0.476,90,0.0,0.0,0.0,True,True
Human,Age=54,Conscientiousness,C,3.693,3.345,0.348,0.476,90,0.0,0.0002,0.0225,True,True
AI_GPT4o_NLP,Age=20,Agreeableness,A,4.174,3.844,0.33,0.475,1197,0.0,0.0,0.0,True,True
AI_GPT4o_NLP,"Country=Netherlands, Kingdom of the",Conscientiousness,C,3.691,3.345,0.346,0.475,142,0.0,0.0,0.0,True,True
AI_Qwen_Order_GAN,Age=22,Conscientiousness,C,2.998,3.345,-0.347,-0.475,46,0.0,0.0,0.0,True,True
AI_GPT4o_Explicit,Age=44,Emotional Stability,N,3.311,2.903,0.408,0.475,130,0.0,0.0,0.0,True,True
AI_GPT4o_Explicit,Age=42,Emotional Stability,N,3.31,2.903,0.407,0.474,153,0.0,0.0,0.0,True,True
AI_GPT4o_Explicit,Age=43,Emotional Stability,N,3.31,2.903,0.407,0.474,191,0.0,0.0,0.0,True,True
AI_GPT4o_NLP,Country=Germany,Agreeableness,A,4.181,3.844,0.337,0.474,185,0.0,0.0,0.0,True,True
AI_GPT4o_Order_NAG,Age_Group=26-34,Emotional Stability,N,3.309,2.903,0.406,0.473,171,0.0,0.0,0.0,True,True
AI_GPT4o_Explicit,Age=46,Emotional Stability,N,3.309,2.903,0.406,0.473,144,0.0,0.0,0.0,True,True
AI_GPT4o_Explicit,Age=49,Emotional Stability,N,3.309,2.903,0.406,0.473,140,0.0,0.0,0.0,True,True
AI_GPT4o_NLP,Race=South East Asian,Agreeableness,A,4.167,3.844,0.323,0.473,1882,0.0,0.0,0.0,True,True
AI_GPT4o_NLP,Age=22,Agreeableness,A,4.173,3.844,0.329,0.472,1018,0.0,0.0,0.0,True,True
AI_GPT4o_Explicit,Age=39,Emotional Stability,N,3.308,2.903,0.405,0.472,180,0.0,0.0,0.0,True,True
AI_Qwen_Order_GAN,Country=India,Conscientiousness,C,3.001,3.345,-0.344,-0.471,75,0.0,0.0,0.0,True,True
AI_GPT4o_Explicit,Gender=Female,Emotional Stability,N,3.223,2.903,0.32,0.471,11854,0.0,0.0,0.0,True,True
AI_GPT4o_Explicit,Age_Group=26-34,Emotional Stability,N,3.277,2.903,0.374,0.47,3308,0.0,0.0,0.0,True,True
AI_GPT4o_Explicit,Country=Germany,Emotional Stability,N,3.306,2.903,0.403,0.47,185,0.0,0.0,0.0,True,True
AI_GPT4o_NLP,Age=26,Extroversion,E,3.441,3.012,0.429,0.47,495,0.0,0.0,0.0,True,True
AI_Qwen_Order_AGN,Age=16,Conscientiousness,C,3.002,3.345,-0.343,-0.47,53,0.0,0.0,0.0,True,True
AI_GPT4o_Explicit,Country=Slovenia,Emotional Stability,N,3.307,2.903,0.404,0.469,44,0.0,0.0,0.0,True,True
AI_GPT4o_Explicit,Country=Sweden,Emotional Stability,N,3.306,2.903,0.403,0.469,148,0.0,0.0,0.0,True,True
AI_Qwen_Order_GAN,Age_Group=<18,Conscientiousness,C,3.004,3.345,-0.341,-0.469,211,0.0,0.0,0.0,True,True
Human,Age=45,Conscientiousness,C,3.687,3.345,0.342,0.468,175,0.0,0.0,0.0,True,True
AI_GPT4o_Explicit,Country=Thailand,Emotional Stability,N,3.306,2.903,0.403,0.468,48,0.0,0.0,0.0,True,True
AI_GPT4o_Order_NAG,Age=24,Emotional Stability,N,3.306,2.903,0.403,0.468,34,0.0,0.0,0.0,True,True
AI_GPT4o_NLP,Gender=Male,Emotional Stability,N,3.247,2.903,0.344,0.468,7767,0.0,0.0,0.0,True,True
AI_GPT4o_Order_GAN,Race=Caucasian (European),Emotional Stability,N,3.301,2.903,0.398,0.468,543,0.0,0.0,0.0,True,True
AI_GPT4o_NLP,Age=35,Extroversion,E,3.441,3.012,0.429,0.468,253,0.0,0.0,0.0,True,True
AI_GPT4o_Order_NAG,Country=United Kingdom of Great Britain and Northern Ireland,Emotional Stability,N,3.305,2.903,0.402,0.467,87,0.0,0.0,0.0,True,True
AI_GPT4o_Explicit,Age=16,Openness,O,3.627,3.911,-0.284,-0.467,1127,0.0,0.0,0.0,True,True
AI_GPT4o_NLP,Country=Portugal,Extroversion,E,3.442,3.012,0.43,0.467,90,0.0,0.0,0.0,True,True
AI_GPT4o_Explicit,Country=Italy,Emotional Stability,N,3.303,2.903,0.4,0.467,266,0.0,0.0,0.0,True,True
AI_Qwen_Order_GAN,Age=17,Conscientiousness,C,3.004,3.345,-0.341,-0.467,72,0.0,0.0,0.0,True,True
AI_GPT4o_Order_GAN,Gender=Male,Emotional Stability,N,3.301,2.903,0.398,0.466,397,0.0,0.0,0.0,True,True
AI_Qwen_Order_NAG,Age=18,Conscientiousness,C,3.005,3.345,-0.34,-0.466,95,0.0,0.0,0.0,True,True
AI_GPT4o_NLP,Country=Italy,Extroversion,E,3.439,3.012,0.427,0.466,266,0.0,0.0,0.0,True,True
AI_Qwen_Order_NAG,Country=India,Conscientiousness,C,3.005,3.345,-0.34,-0.466,75,0.0,0.0,0.0,True,True
AI_Qwen_Order_GAN,Age=23,Conscientiousness,C,3.005,3.345,-0.34,-0.466,42,0.0,0.0,0.0,True,True
AI_GPT4o_NLP,Age=37,Emotional Stability,N,3.303,2.903,0.4,0.466,194,0.0,0.0,0.0,True,True
AI_GPT4o_Explicit,Age=37,Emotional Stability,N,3.302,2.903,0.399,0.465,194,0.0,0.0,0.0,True,True
AI_GPT4o_NLP,Country=Italy,Emotional Stability,N,3.301,2.903,0.398,0.465,266,0.0,0.0,0.0,True,True
AI_Qwen_Order_AGN,Age=17,Conscientiousness,C,3.006,3.345,-0.339,-0.465,72,0.0,0.0,0.0,True,True
AI_GPT4o_Explicit,Age=45,Emotional Stability,N,3.302,2.903,0.399,0.465,174,0.0,0.0,0.0,True,True
AI_GPT4o_NLP,Age=28,Agreeableness,A,4.173,3.844,0.329,0.465,466,0.0,0.0,0.0,True,True
AI_GPT4o_NLP,"Country=Netherlands, Kingdom of the",Extroversion,E,3.439,3.012,0.427,0.464,142,0.0,0.0,0.0,True,True
AI_GPT4o_Order_NAG,Gender=Male,Emotional Stability,N,3.299,2.903,0.396,0.464,397,0.0,0.0,0.0,True,True
AI_GPT4o_Explicit,Country=Belgium,Emotional Stability,N,3.302,2.903,0.399,0.464,87,0.0,0.0,0.0,True,True
AI_GPT4o_Order_NAG,Age=22,Emotional Stability,N,3.302,2.903,0.399,0.464,66,0.0,0.0,0.0,True,True
AI_GPT4o_Order_NAG,Age=25,Emotional Stability,N,3.303,2.903,0.4,0.464,37,0.0,0.0,0.0,True,True
AI_GPT4o_Order_AGN,Age=15,Openness,O,3.621,3.911,-0.29,-0.464,42,0.0,0.0,0.0,True,True
AI_Qwen_Order_GAN,Age=15,Conscientiousness,C,3.006,3.345,-0.339,-0.464,48,0.0,0.0,0.0,True,True
AI_GPT4o_Explicit,Country=Spain,Emotional Stability,N,3.301,2.903,0.398,0.463,97,0.0,0.0,0.0,True,True
AI_Qwen_Order_AGN,Race=Caucasian (Indian),Conscientiousness,C,3.007,3.345,-0.338,-0.463,87,0.0,0.0,0.0,True,True
AI_GPT4o_NLP,Age=38,Conscientiousness,C,3.682,3.345,0.337,0.463,217,0.0,0.0,0.0,True,True
AI_GPT4o_NLP,Age=24,Agreeableness,A,4.169,3.844,0.325,0.462,676,0.0,0.0,0.0,True,True
AI_GPT4o_Explicit,Country=Norway,Emotional Stability,N,3.3,2.903,0.397,0.462,127,0.0,0.0,0.0,True,True
AI_GPT4o_Explicit,Race=Caucasian (European),Agreeableness,A,4.11,3.844,0.266,0.462,10537,0.0,0.0,0.0,True,True
AI_GPT4o_NLP,Country=France,Agreeableness,A,4.173,3.844,0.329,0.462,129,0.0,0.0,0.0,True,True
AI_Qwen_Order_AGN,Age=18,Conscientiousness,C,3.008,3.345,-0.337,-0.462,95,0.0,0.0,0.0,True,True
AI_GPT4o_NLP,Age=47,Conscientiousness,C,3.682,3.345,0.337,0.462,125,0.0,0.0,0.0,True,True
AI_GPT4o_Explicit,Age=41,Emotional Stability,N,3.3,2.903,0.397,0.462,151,0.0,0.0,0.0,True,True
AI_GPT4o_Explicit,Age=35,Emotional Stability,N,3.299,2.903,0.396,0.462,253,0.0,0.0,0.0,True,True
AI_GPT4o_Explicit,Race=Pacific Islander,Agreeableness,A,4.173,3.844,0.329,0.461,73,0.0,0.0,0.0,True,True
AI_Qwen_Order_GAN,Gender=Female,Conscientiousness,C,3.013,3.345,-0.332,-0.461,615,0.0,0.0,0.0,True,True
AI_GPT4o_NLP,Country=China,Agreeableness,A,4.173,3.844,0.329,0.461,44,0.0,0.0,0.0,True,True
AI_Qwen_Order_GAN,Race=Caucasian (Indian),Conscientiousness,C,3.009,3.345,-0.336,-0.461,87,0.0,0.0,0.0,True,True
AI_Qwen_Order_NAG,Country=Philippines,Conscientiousness,C,3.008,3.345,-0.337,-0.461,39,0.0,0.0,0.0,True,True
AI_GPT4o_Explicit,Country=Romania,Emotional Stability,N,3.299,2.903,0.396,0.461,139,0.0,0.0,0.0,True,True
AI_Qwen_Order_GAN,Country=United Kingdom of Great Britain and Northern Ireland,Conscientiousness,C,3.009,3.345,-0.336,-0.461,79,0.0,0.0,0.0,True,True
AI_Qwen_Order_AGN,Age_Group=<18,Conscientiousness,C,3.01,3.345,-0.335,-0.461,211,0.0,0.0,0.0,True,True
AI_GPT4o_NLP,Country=Portugal,Emotional Stability,N,3.299,2.903,0.396,0.46,90,0.0,0.0,0.0,True,True
AI_GPT4o_Explicit,Country=France,Emotional Stability,N,3.298,2.903,0.395,0.46,129,0.0,0.0,0.0,True,True
AI_Qwen_Order_GAN,Age=16,Conscientiousness,C,3.009,3.345,-0.336,-0.46,53,0.0,0.0,0.0,True,True
AI_Qwen_Order_GAN,Race=South East Asian,Conscientiousness,C,3.01,3.345,-0.335,-0.459,92,0.0,0.0,0.0,True,True
AI_Qwen_Order_GAN,Country=Canada,Conscientiousness,C,3.01,3.345,-0.335,-0.459,42,0.0,0.0,0.0,True,True
AI_GPT4o_NLP,Country=Canada,Emotional Stability,N,3.29,2.903,0.387,0.459,942,0.0,0.0,0.0,True,True
AI_GPT4o_Order_AGN,Age_Group=35-50,Emotional Stability,N,3.297,2.903,0.394,0.459,128,0.0,0.0,0.0,True,True
AI_Qwen_Order_NAG,Age=17,Conscientiousness,C,3.01,3.345,-0.335,-0.459,72,0.0,0.0,0.0,True,True
AI_GPT4o_Explicit,Country=Portugal,Emotional Stability,N,3.298,2.903,0.395,0.459,90,0.0,0.0,0.0,True,True
AI_GPT4o_Explicit,Country=Croatia,Emotional Stability,N,3.298,2.903,0.395,0.459,43,0.0,0.0,0.0,True,True
AI_Qwen_Order_NAG,Age_Group=<18,Conscientiousness,C,3.012,3.345,-0.333,-0.458,211,0.0,0.0,0.0,True,True
AI_Qwen_Order_AGN,Age=20,Conscientiousness,C,3.011,3.345,-0.334,-0.458,65,0.0,0.0,0.0,True,True
AI_GPT4o_NLP,Country=Singapore,Extroversion,E,3.433,3.012,0.421,0.458,141,0.0,0.0,0.0,True,True
AI_GPT4o_Explicit,Country=Jamaica,Emotional Stability,N,3.297,2.903,0.394,0.457,33,0.0,0.0,0.0,True,True
AI_GPT4o_NLP,Age=35,Emotional Stability,N,3.294,2.903,0.391,0.456,253,0.0,0.0,0.0,True,True
AI_Qwen_Order_AGN,Country=United Kingdom of Great Britain and Northern Ireland,Conscientiousness,C,3.013,3.345,-0.332,-0.455,79,0.0,0.0,0.0,True,True
AI_GPT4o_NLP,Country=Belgium,Emotional Stability,N,3.294,2.903,0.391,0.455,87,0.0,0.0,0.0,True,True
AI_GPT4o_Explicit,Age=38,Emotional Stability,N,3.293,2.903,0.39,0.455,217,0.0,0.0,0.0,True,True
AI_GPT4o_Explicit,Age=36,Emotional Stability,N,3.292,2.903,0.389,0.454,204,0.0,0.0,0.0,True,True
AI_GPT4o_Order_NAG,Country=Australia,Emotional Stability,N,3.294,2.903,0.391,0.454,48,0.0,0.0,0.0,True,True
AI_Qwen_Order_GAN,Race=Other,Conscientiousness,C,3.014,3.345,-0.331,-0.454,124,0.0,0.0,0.0,True,True
AI_GPT4o_Explicit,Age=33,Emotional Stability,N,3.291,2.903,0.388,0.453,260,0.0,0.0,0.0,True,True
AI_Qwen_Order_GAN,Age=18,Conscientiousness,C,3.015,3.345,-0.33,-0.453,95,0.0,0.0,0.0,True,True
AI_GPT4o_Explicit,Age=60,Agreeableness,A,4.167,3.844,0.323,0.453,86,0.0,0.0,0.0,True,True
Human,Country=Brazil,Extroversion,E,2.595,3.012,-0.417,-0.452,174,0.0,0.0,0.0,True,True
AI_GPT4o_NLP,Country=Sweden,Conscientiousness,C,3.674,3.345,0.329,0.452,148,0.0,0.0,0.0,True,True
AI_GPT4o_Order_AGN,Age_Group=26-34,Emotional Stability,N,3.291,2.903,0.388,0.452,171,0.0,0.0,0.0,True,True
AI_GPT4o_Order_AGN,Country=Canada,Emotional Stability,N,3.292,2.903,0.389,0.452,51,0.0,0.0,0.0,True,True
AI_Qwen_Order_AGN,Age_Group=18-25,Conscientiousness,C,3.018,3.345,-0.327,-0.452,439,0.0,0.0,0.0,True,True
Human,Age=56,Agreeableness,A,4.166,3.844,0.322,0.451,67,0.0001,0.0003,0.0301,True,True
AI_GPT4o_Explicit,Age=31,Emotional Stability,N,3.289,2.903,0.386,0.451,283,0.0,0.0,0.0,True,True
AI_GPT4o_Explicit,Age=65,Agreeableness,A,4.166,3.844,0.322,0.451,32,0.0,0.0,0.0,True,True
Human,Country=Mexico,Agreeableness,A,3.522,3.844,-0.322,-0.451,82,0.0,0.0001,0.0089,True,True
AI_GPT4o_Explicit,Country=Lebanon,Agreeableness,A,4.166,3.844,0.322,0.451,44,0.0,0.0,0.0,True,True
AI_GPT4o_NLP,Country=Lebanon,Agreeableness,A,4.166,3.844,0.322,0.451,44,0.0,0.0,0.0,True,True
AI_GPT4o_NLP,Country=Croatia,Agreeableness,A,4.165,3.844,0.321,0.449,43,0.0,0.0,0.0,True,True
AI_GPT4o_Explicit,Race=Mixed Race,Agreeableness,A,4.154,3.844,0.31,0.449,1415,0.0,0.0,0.0,True,True
AI_GPT4o_Explicit,Age=32,Emotional Stability,N,3.287,2.903,0.384,0.449,336,0.0,0.0,0.0,True,True
AI_GPT4o_Explicit,Age_Group=18-25,Emotional Stability,N,3.225,2.903,0.322,0.448,8541,0.0,0.0,0.0,True,True
AI_GPT4o_Explicit,Country=United States of America,Emotional Stability,N,3.223,2.903,0.32,0.448,8851,0.0,0.0,0.0,True,True
Human,Country=Brazil,Conscientiousness,C,3.018,3.345,-0.327,-0.448,174,0.0,0.0,0.0,True,True
AI_GPT4o_NLP,Age=36,Conscientiousness,C,3.67,3.345,0.325,0.447,204,0.0,0.0,0.0,True,True
AI_GPT4o_Order_GAN,Country=Canada,Emotional Stability,N,3.288,2.903,0.385,0.447,51,0.0,0.0,0.0,True,True
AI_GPT4o_Order_NAG,Race=Mixed Race,Agreeableness,A,4.163,3.844,0.319,0.447,73,0.0,0.0,0.0,True,True
AI_Qwen_Order_AGN,Age=15,Conscientiousness,C,3.019,3.345,-0.326,-0.447,48,0.0,0.0,0.0,True,True
AI_GPT4o_NLP,Country=New Zealand,Extroversion,E,3.423,3.012,0.411,0.447,164,0.0,0.0,0.0,True,True
AI_GPT4o_Explicit,Age=34,Emotional Stability,N,3.286,2.903,0.383,0.447,234,0.0,0.0,0.0,True,True
AI_GPT4o_NLP,Age=64,Openness,O,3.632,3.911,-0.279,-0.447,38,0.0,0.0,0.0,True,True
AI_Qwen_Order_AGN,Age=19,Conscientiousness,C,3.019,3.345,-0.326,-0.447,68,0.0,0.0,0.0,True,True
AI_GPT4o_Explicit,Country=Viet Nam,Agreeableness,A,4.163,3.844,0.319,0.447,38,0.0,0.0,0.0,True,True
AI_GPT4o_Explicit,Age=30,Emotional Stability,N,3.284,2.903,0.381,0.446,393,0.0,0.0,0.0,True,True
AI_GPT4o_NLP,Age=30,Emotional Stability,N,3.283,2.903,0.38,0.445,393,0.0,0.0,0.0,True,True
AI_Qwen_Order_NAG,Race=Mixed Race,Conscientiousness,C,3.02,3.345,-0.325,-0.445,74,0.0,0.0,0.0,True,True
AI_GPT4o_NLP,Country=Malaysia,Agreeableness,A,4.16,3.844,0.316,0.445,267,0.0,0.0,0.0,True,True
AI_GPT4o_Explicit,Race=West African,Agreeableness,A,4.16,3.844,0.316,0.445,275,0.0,0.0,0.0,True,True
AI_GPT4o_Order_GAN,Gender=Female,Agreeableness,A,4.157,3.844,0.313,0.445,599,0.0,0.0,0.0,True,True
AI_GPT4o_Explicit,Country=Poland,Emotional Stability,N,3.286,2.903,0.383,0.445,88,0.0,0.0,0.0,True,True
AI_Qwen_Order_AGN,Age=22,Conscientiousness,C,3.02,3.345,-0.325,-0.445,46,0.0,0.0,0.0,True,True
AI_GPT4o_Explicit,Country=Kenya,Emotional Stability,N,3.285,2.903,0.382,0.444,46,0.0,0.0,0.0,True,True
AI_GPT4o_Order_GAN,Age=24,Emotional Stability,N,3.285,2.903,0.382,0.444,34,0.0,0.0,0.0,True,True
AI_GPT4o_NLP,Age=45,Emotional Stability,N,3.284,2.903,0.381,0.444,174,0.0,0.0,0.0,True,True
AI_GPT4o_Explicit,Country=United States of America,Agreeableness,A,4.107,3.844,0.263,0.444,8851,0.0,0.0,0.0,True,True
AI_GPT4o_NLP,Age=32,Conscientiousness,C,3.667,3.345,0.322,0.444,336,0.0,0.0,0.0,True,True
AI_GPT4o_NLP,Age=51,Conscientiousness,C,3.668,3.345,0.323,0.443,104,0.0,0.0,0.0,True,True
AI_GPT4o_Order_NAG,Race=South East Asian,Agreeableness,A,4.16,3.844,0.316,0.443,96,0.0,0.0,0.0,True,True
AI_GPT4o_Explicit,Country=Nigeria,Agreeableness,A,4.16,3.844,0.316,0.442,40,0.0,0.0,0.0,True,True
AI_GPT4o_Order_NAG,Gender=Female,Emotional Stability,N,3.278,2.903,0.375,0.442,599,0.0,0.0,0.0,True,True
AI_GPT4o_Explicit,Country=Norway,Agreeableness,A,4.159,3.844,0.315,0.442,127,0.0,0.0,0.0,True,True
AI_GPT4o_NLP,Age_Group=26-34,Emotional Stability,N,3.256,2.903,0.353,0.442,3308,0.0,0.0,0.0,True,True
AI_GPT4o_NLP,Country=Nigeria,Agreeableness,A,4.16,3.844,0.316,0.442,40,0.0,0.0,0.0,True,True
AI_Qwen_Order_NAG,Age=21,Conscientiousness,C,3.023,3.345,-0.322,-0.441,48,0.0,0.0,0.0,True,True
AI_GPT4o_Explicit,Age=28,Emotional Stability,N,3.279,2.903,0.376,0.441,466,0.0,0.0,0.0,True,True
AI_Qwen_Order_AGN,Age=21,Conscientiousness,C,3.023,3.345,-0.322,-0.441,48,0.0,0.0,0.0,True,True
AI_Qwen_Order_GAN,Age_Group=18-25,Conscientiousness,C,3.026,3.345,-0.319,-0.441,439,0.0,0.0,0.0,True,True
AI_GPT4o_NLP,Race=Pacific Islander,Emotional Stability,N,3.282,2.903,0.379,0.44,73,0.0,0.0,0.0,True,True
AI_Qwen_Order_AGN,Gender=Female,Conscientiousness,C,3.028,3.345,-0.317,-0.44,615,0.0,0.0,0.0,True,True
Human,Country=Poland,Openness,O,4.186,3.911,0.275,0.44,79,0.0001,0.0003,0.0375,True,True
AI_GPT4o_NLP,Age=21,Agreeableness,A,4.149,3.844,0.305,0.44,1235,0.0,0.0,0.0,True,True
AI_GPT4o_Explicit,Country=Brazil,Agreeableness,A,4.156,3.844,0.312,0.439,194,0.0,0.0,0.0,True,True
AI_Qwen_Order_GAN,Country=United States of America,Conscientiousness,C,3.028,3.345,-0.317,-0.439,451,0.0,0.0,0.0,True,True
AI_GPT4o_Explicit,Country=China,Emotional Stability,N,3.28,2.903,0.377,0.438,44,0.0,0.0,0.0,True,True
AI_GPT4o_Order_NAG,Age_Group=18-25,Emotional Stability,N,3.276,2.903,0.373,0.438,433,0.0,0.0,0.0,True,True
AI_GPT4o_NLP,Age=32,Emotional Stability,N,3.277,2.903,0.374,0.438,336,0.0,0.0,0.0,True,True
AI_GPT4o_Order_GAN,Age=22,Emotional Stability,N,3.279,2.903,0.376,0.437,66,0.0,0.0,0.0,True,True
AI_Qwen_Order_AGN,Country=Australia,Conscientiousness,C,3.026,3.345,-0.319,-0.437,53,0.0,0.0,0.0,True,True
AI_GPT4o_Explicit,Race=Native American,Agreeableness,A,4.155,3.844,0.311,0.437,210,0.0,0.0,0.0,True,True
AI_GPT4o_Explicit,Age_Group=18-25,Agreeableness,A,4.104,3.844,0.26,0.436,8541,0.0,0.0,0.0,True,True
AI_GPT4o_Order_GAN,Age=23,Emotional Stability,N,3.278,2.903,0.375,0.436,46,0.0,0.0,0.0,True,True
AI_GPT4o_Order_GAN,Age=21,Emotional Stability,N,3.278,2.903,0.375,0.436,54,0.0,0.0,0.0,True,True
AI_GPT4o_NLP,Country=Indonesia,Agreeableness,A,4.154,3.844,0.31,0.436,190,0.0,0.0,0.0,True,True
AI_GPT4o_Order_NAG,Gender=Female,Agreeableness,A,4.151,3.844,0.307,0.436,599,0.0,0.0,0.0,True,True
AI_GPT4o_Order_GAN,Race=Mixed Race,Agreeableness,A,4.155,3.844,0.311,0.436,73,0.0,0.0,0.0,True,True
AI_Qwen_Order_AGN,Race=Mixed Race,Conscientiousness,C,3.027,3.345,-0.318,-0.436,74,0.0,0.0,0.0,True,True
AI_GPT4o_NLP,Age=44,Extroversion,E,3.413,3.012,0.401,0.436,130,0.0,0.0,0.0,True,True
AI_GPT4o_Order_GAN,Race=South East Asian,Agreeableness,A,4.154,3.844,0.31,0.435,96,0.0,0.0,0.0,True,True
AI_GPT4o_NLP,Age=26,Agreeableness,A,4.151,3.844,0.307,0.435,495,0.0,0.0,0.0,True,True
AI_GPT4o_NLP,Age=52,Extroversion,E,3.412,3.012,0.4,0.435,112,0.0,0.0,0.0,True,True
AI_GPT4o_Explicit,Country=China,Agreeableness,A,4.155,3.844,0.311,0.435,44,0.0,0.0,0.0,True,True
AI_GPT4o_NLP,Age=45,Conscientiousness,C,3.662,3.345,0.317,0.435,174,0.0,0.0,0.0,True,True
AI_Qwen_Order_GAN,Age_Group=26-34,Conscientiousness,C,3.028,3.345,-0.317,-0.435,163,0.0,0.0,0.0,True,True
AI_GPT4o_NLP,Country=Germany,Conscientiousness,C,3.661,3.345,0.316,0.434,185,0.0,0.0,0.0,True,True
AI_GPT4o_Explicit,Age_Group=50+,Agreeableness,A,4.146,3.844,0.302,0.434,1108,0.0,0.0,0.0,True,True
AI_GPT4o_Explicit,Country=Bulgaria,Emotional Stability,N,3.277,2.903,0.374,0.434,39,0.0,0.0,0.0,True,True
AI_GPT4o_Explicit,Country=Italy,Agreeableness,A,4.152,3.844,0.308,0.434,266,0.0,0.0,0.0,True,True
AI_GPT4o_Order_GAN,Age_Group=<18,Openness,O,3.641,3.911,-0.27,-0.434,199,0.0,0.0,0.0,True,True
AI_GPT4o_Order_AGN,Race=Mixed Race,Agreeableness,A,4.153,3.844,0.309,0.433,73,0.0,0.0,0.0,True,True
AI_GPT4o_NLP,Country=United Arab Emirates,Extroversion,E,3.411,3.012,0.399,0.433,108,0.0,0.0,0.0,True,True
AI_Qwen_Order_NAG,Gender=Female,Conscientiousness,C,3.033,3.345,-0.312,-0.433,615,0.0,0.0,0.0,True,True
AI_GPT4o_Order_NAG,Country=United States of America,Emotional Stability,N,3.272,2.903,0.369,0.433,432,0.0,0.0,0.0,True,True
AI_Qwen_Order_GAN,Age=24,Conscientiousness,C,3.029,3.345,-0.316,-0.433,48,0.0,0.0,0.0,True,True
AI_GPT4o_Order_NAG,Age=23,Emotional Stability,N,3.276,2.903,0.373,0.433,46,0.0,0.0,0.0,True,True
AI_Qwen_Order_AGN,Race=South East Asian,Conscientiousness,C,3.029,3.345,-0.316,-0.433,92,0.0,0.0,0.0,True,True
AI_Qwen_Order_GAN,Age=20,Conscientiousness,C,3.029,3.345,-0.316,-0.433,65,0.0,0.0,0.0,True,True
AI_GPT4o_NLP,Age=24,Extroversion,E,3.405,3.012,0.393,0.433,676,0.0,0.0,0.0,True,True
AI_Qwen_Order_NAG,Race=Caucasian (Indian),Conscientiousness,C,3.03,3.345,-0.315,-0.432,87,0.0,0.0,0.0,True,True
AI_GPT4o_Explicit,Country=Finland,Agreeableness,A,4.152,3.844,0.308,0.432,102,0.0,0.0,0.0,True,True
AI_GPT4o_NLP,Age=27,Emotional Stability,N,3.271,2.903,0.368,0.432,473,0.0,0.0,0.0,True,True
AI_GPT4o_Explicit,Country=Portugal,Agreeableness,A,4.152,3.844,0.308,0.432,90,0.0,0.0,0.0,True,True
AI_GPT4o_Explicit,Age=25,Emotional Stability,N,3.268,2.903,0.365,0.431,680,0.0,0.0,0.0,True,True
AI_GPT4o_Explicit,Country=Thailand,Agreeableness,A,4.152,3.844,0.308,0.431,48,0.0,0.0,0.0,True,True
AI_GPT4o_Explicit,Age_Group=26-34,Agreeableness,A,4.129,3.844,0.285,0.431,3308,0.0,0.0,0.0,True,True
AI_GPT4o_Explicit,Country=Indonesia,Agreeableness,A,4.151,3.844,0.307,0.431,190,0.0,0.0,0.0,True,True
AI_GPT4o_Explicit,Age=55,Agreeableness,A,4.151,3.844,0.307,0.431,118,0.0,0.0,0.0,True,True
AI_GPT4o_NLP,Age=34,Conscientiousness,C,3.658,3.345,0.313,0.431,234,0.0,0.0,0.0,True,True
AI_GPT4o_Explicit,Country=Jamaica,Agreeableness,A,4.152,3.844,0.308,0.431,33,0.0,0.0,0.0,True,True
AI_GPT4o_Order_GAN,Age_Group=50+,Agreeableness,A,4.151,3.844,0.307,0.43,69,0.0,0.0,0.0,True,True
AI_Qwen_Order_AGN,Age=23,Conscientiousness,C,3.031,3.345,-0.314,-0.43,42,0.0,0.0,0.0,True,True
AI_GPT4o_NLP,Country=Thailand,Extroversion,E,3.408,3.012,0.396,0.43,48,0.0,0.0,0.0,True,True
Human,Age_Group=50+,Conscientiousness,C,3.659,3.345,0.314,0.43,1065,0.0,0.0,0.0,True,True
AI_GPT4o_Order_NAG,Age=19,Emotional Stability,N,3.272,2.903,0.369,0.429,50,0.0,0.0,0.0,True,True
AI_GPT4o_Order_AGN,Age=16,Openness,O,3.643,3.911,-0.268,-0.429,44,0.0,0.0,0.0,True,True
AI_GPT4o_Explicit,Age=29,Emotional Stability,N,3.269,2.903,0.366,0.429,368,0.0,0.0,0.0,True,True
AI_GPT4o_NLP,Age=23,Agreeableness,A,4.143,3.844,0.299,0.428,959,0.0,0.0,0.0,True,True
AI_GPT4o_Explicit,Age_Group=35-50,Agreeableness,A,4.131,3.844,0.287,0.428,2687,0.0,0.0,0.0,True,True
AI_GPT4o_Order_GAN,Country=United Kingdom of Great Britain and Northern Ireland,Emotional Stability,N,3.271,2.903,0.368,0.428,87,0.0,0.0,0.0,True,True
AI_GPT4o_NLP,Race=Caucasian (North African),Agreeableness,A,4.146,3.844,0.302,0.427,443,0.0,0.0,0.0,True,True
Human,Age=48,Conscientiousness,C,3.657,3.345,0.312,0.427,136,0.0,0.0,0.002,True,True
AI_GPT4o_Explicit,Country=Ireland,Emotional Stability,N,3.27,2.903,0.367,0.427,106,0.0,0.0,0.0,True,True
AI_GPT4o_NLP,Age=47,Emotional Stability,N,3.27,2.903,0.367,0.427,125,0.0,0.0,0.0,True,True
AI_GPT4o_Explicit,Country=Sweden,Agreeableness,A,4.148,3.844,0.304,0.427,148,0.0,0.0,0.0,True,True
AI_GPT4o_Explicit,Country=Philippines,Agreeableness,A,4.144,3.844,0.3,0.427,660,0.0,0.0,0.0,True,True
AI_Qwen_Order_NAG,Age=24,Conscientiousness,C,3.033,3.345,-0.312,-0.427,48,0.0,0.0,0.0,True,True
AI_GPT4o_NLP,Country=France,Emotional Stability,N,3.27,2.903,0.367,0.427,129,0.0,0.0,0.0,True,True
AI_GPT4o_Order_GAN,Country=Australia,Agreeableness,A,4.148,3.844,0.304,0.426,48,0.0,0.0,0.0,True,True
AI_GPT4o_Explicit,Country=Mexico,Agreeableness,A,4.148,3.844,0.304,0.426,83,0.0,0.0,0.0,True,True
AI_GPT4o_Explicit,Country=Nigeria,Emotional Stability,N,3.27,2.903,0.367,0.426,40,0.0,0.0,0.0,True,True
AI_Qwen_Order_GAN,Country=Australia,Conscientiousness,C,3.034,3.345,-0.311,-0.426,53,0.0,0.0,0.0,True,True
AI_GPT4o_NLP,Gender=Female,Emotional Stability,N,3.197,2.903,0.294,0.426,11854,0.0,0.0,0.0,True,True
AI_GPT4o_Order_AGN,Race=Caucasian (European),Emotional Stability,N,3.265,2.903,0.362,0.426,543,0.0,0.0,0.0,True,True
AI_GPT4o_NLP,Country=Croatia,Emotional Stability,N,3.27,2.903,0.367,0.426,43,0.0,0.0,0.0,True,True
AI_GPT4o_Explicit,Country=Canada,Emotional Stability,N,3.262,2.903,0.359,0.426,942,0.0,0.0,0.0,True,True
AI_GPT4o_NLP,Age=29,Emotional Stability,N,3.267,2.903,0.364,0.426,368,0.0,0.0,0.0,True,True
AI_GPT4o_Explicit,Age=27,Emotional Stability,N,3.265,2.903,0.362,0.425,473,0.0,0.0,0.0,True,True
AI_GPT4o_Order_GAN,Age_Group=18-25,Emotional Stability,N,3.265,2.903,0.362,0.425,433,0.0,0.0,0.0,True,True
AI_GPT4o_NLP,Country=Serbia,Agreeableness,A,4.147,3.844,0.303,0.425,103,0.0,0.0,0.0,True,True
AI_GPT4o_Order_GAN,Age_Group=35-50,Agreeableness,A,4.147,3.844,0.303,0.425,128,0.0,0.0,0.0,True,True
AI_GPT4o_Explicit,Age=57,Agreeableness,A,4.147,3.844,0.303,0.425,70,0.0,0.0,0.0,True,True
AI_GPT4o_Explicit,"Country=Netherlands, Kingdom of the",Emotional Stability,N,3.268,2.903,0.365,0.425,142,0.0,0.0,0.0,True,True
Human,Gender=Other,Openness,O,4.176,3.911,0.265,0.424,98,0.0,0.0001,0.0058,True,True
AI_GPT4o_Order_AGN,Age=24,Emotional Stability,N,3.268,2.903,0.365,0.424,34,0.0,0.0,0.0,True,True
AI_GPT4o_Order_AGN,Gender=Male,Emotional Stability,N,3.265,2.903,0.362,0.424,397,0.0,0.0,0.0,True,True
AI_Qwen_Order_GAN,Race=Caucasian (European),Conscientiousness,C,3.039,3.345,-0.306,-0.424,546,0.0,0.0,0.0,True,True
AI_GPT4o_Order_AGN,Age=25,Emotional Stability,N,3.268,2.903,0.365,0.424,37,0.0,0.0,0.0,True,True
AI_GPT4o_Explicit,Country=United Kingdom of Great Britain and Northern Ireland,Emotional Stability,N,3.254,2.903,0.351,0.423,1583,0.0,0.0,0.0,True,True
AI_GPT4o_Order_GAN,Age_Group=50+,Conscientiousness,C,3.654,3.345,0.309,0.423,69,0.0,0.0,0.0,True,True
AI_GPT4o_Order_NAG,Age=25,Agreeableness,A,4.146,3.844,0.302,0.423,37,0.0,0.0,0.0,True,True
Human,Age=50,Conscientiousness,C,3.654,3.345,0.309,0.423,123,0.0,0.0,0.0018,True,True
AI_GPT4o_Explicit,Country=Hungary,Emotional Stability,N,3.267,2.903,0.364,0.423,42,0.0,0.0,0.0,True,True
AI_GPT4o_NLP,Race=Other,Extroversion,E,3.379,3.012,0.367,0.422,2628,0.0,0.0,0.0,True,True
AI_GPT4o_NLP,Age=37,Extroversion,E,3.4,3.012,0.388,0.422,194,0.0,0.0,0.0,True,True
AI_GPT4o_NLP,Age=33,Emotional Stability,N,3.264,2.903,0.361,0.422,260,0.0,0.0,0.0,True,True
AI_GPT4o_Explicit,Country=Poland,Agreeableness,A,4.145,3.844,0.301,0.422,88,0.0,0.0,0.0,True,True
AI_GPT4o_Explicit,Country=Germany,Agreeableness,A,4.144,3.844,0.3,0.422,185,0.0,0.0,0.0,True,True
AI_GPT4o_Order_GAN,Age_Group=26-34,Agreeableness,A,4.144,3.844,0.3,0.421,171,0.0,0.0,0.0,True,True
AI_GPT4o_Explicit,Age=24,Emotional Stability,N,3.26,2.903,0.357,0.421,676,0.0,0.0,0.0,True,True
AI_GPT4o_Explicit,Country=Indonesia,Emotional Stability,N,3.264,2.903,0.361,0.421,190,0.0,0.0,0.0,True,True
AI_GPT4o_Explicit,Age=17,Openness,O,3.657,3.911,-0.254,-0.421,1415,0.0,0.0,0.0,True,True
AI_GPT4o_NLP,Country=Switzerland,Agreeableness,A,4.145,3.844,0.301,0.421,40,0.0,0.0,0.0,True,True
AI_GPT4o_Explicit,Country=South Africa,Emotional Stability,N,3.264,2.903,0.361,0.421,180,0.0,0.0,0.0,True,True
AI_GPT4o_Order_GAN,Country=United States of America,Emotional Stability,N,3.262,2.903,0.359,0.421,432,0.0,0.0,0.0,True,True
Human,Age_Group=50+,Emotional Stability,N,3.266,2.903,0.363,0.42,1065,0.0,0.0,0.0,True,True
AI_GPT4o_Explicit,Country=Argentina,Agreeableness,A,4.144,3.844,0.3,0.42,45,0.0,0.0,0.0,True,True
AI_GPT4o_Explicit,Country=Lithuania,Emotional Stability,N,3.265,2.903,0.362,0.42,31,0.0,0.0,0.0,True,True
AI_GPT4o_Order_GAN,Race=Caucasian (Indian),Emotional Stability,N,3.264,2.903,0.361,0.42,86,0.0,0.0,0.0,True,True
AI_GPT4o_Order_AGN,Age_Group=<18,Openness,O,3.65,3.911,-0.261,-0.42,199,0.0,0.0,0.0,True,True
AI_GPT4o_NLP,Country=Greece,Emotional Stability,N,3.264,2.903,0.361,0.42,90,0.0,0.0,0.0,True,True
AI_Qwen_Order_NAG,Age_Group=18-25,Conscientiousness,C,3.041,3.345,-0.304,-0.42,439,0.0,0.0,0.0,True,True
AI_GPT4o_Explicit,Country=Serbia,Agreeableness,A,4.143,3.844,0.299,0.419,103,0.0,0.0,0.0,True,True
AI_GPT4o_NLP,Country=Lebanon,Extroversion,E,3.398,3.012,0.386,0.419,44,0.0,0.0,0.0,True,True
AI_GPT4o_Explicit,Age=26,Emotional Stability,N,3.26,2.903,0.357,0.419,495,0.0,0.0,0.0,True,True
AI_GPT4o_Order_GAN,Country=Canada,Agreeableness,A,4.143,3.844,0.299,0.419,51,0.0,0.0,0.0,True,True
AI_GPT4o_NLP,Country=Egypt,Extroversion,E,3.398,3.012,0.386,0.419,50,0.0,0.0,0.0,True,True
AI_GPT4o_Explicit,Age=55,Conscientiousness,C,3.65,3.345,0.305,0.419,118,0.0,0.0,0.0,True,True
AI_GPT4o_Order_NAG,Age=23,Agreeableness,A,4.143,3.844,0.299,0.419,46,0.0,0.0,0.0,True,True
AI_GPT4o_NLP,Country=Kenya,Emotional Stability,N,3.263,2.903,0.36,0.418,46,0.0,0.0,0.0,True,True
AI_Qwen_Order_NAG,Age=20,Conscientiousness,C,3.04,3.345,-0.305,-0.418,65,0.0,0.0,0.0,True,True
AI_Qwen_Order_GAN,Age=21,Conscientiousness,C,3.04,3.345,-0.305,-0.418,48,0.0,0.0,0.0,True,True
AI_GPT4o_NLP,Country=Slovenia,Conscientiousness,C,3.65,3.345,0.305,0.418,44,0.0,0.0,0.0,True,True
AI_GPT4o_Explicit,Race=South East Asian,Agreeableness,A,4.129,3.844,0.285,0.418,1882,0.0,0.0,0.0,True,True
AI_GPT4o_Explicit,"Country=Netherlands, Kingdom of the",Agreeableness,A,4.142,3.844,0.298,0.418,142,0.0,0.0,0.0,True,True
AI_GPT4o_NLP,Age=36,Extroversion,E,3.396,3.012,0.384,0.418,204,0.0,0.0,0.0,True,True
AI_GPT4o_Explicit,Gender=Male,Openness,O,3.69,3.911,-0.221,-0.417,7767,0.0,0.0,0.0,True,True
AI_GPT4o_Order_AGN,Country=Australia,Emotional Stability,N,3.262,2.903,0.359,0.417,48,0.0,0.0,0.0,True,True
AI_GPT4o_Order_NAG,Age=18,Emotional Stability,N,3.262,2.903,0.359,0.417,68,0.0,0.0,0.0,True,True
AI_GPT4o_Explicit,Age=59,Agreeableness,A,4.142,3.844,0.298,0.417,36,0.0,0.0,0.0,True,True
AI_GPT4o_Explicit,Race=Other,Emotional Stability,N,3.24,2.903,0.337,0.417,2628,0.0,0.0,0.0,True,True
AI_GPT4o_NLP,Age=55,Openness,O,3.652,3.911,-0.259,-0.416,118,0.0,0.0,0.0,True,True
Human,Country=United Arab Emirates,Openness,O,3.651,3.911,-0.26,-0.416,98,0.0001,0.0004,0.0402,True,True
AI_GPT4o_Order_NAG,Race=South East Asian,Emotional Stability,N,3.261,2.903,0.358,0.416,96,0.0,0.0,0.0,True,True
Human,Age=49,Agreeableness,A,4.141,3.844,0.297,0.416,126,0.0,0.0,0.0001,True,True
AI_GPT4o_Explicit,Country=Japan,Emotional Stability,N,3.261,2.903,0.358,0.416,31,0.0,0.0,0.0,True,True
AI_Qwen_Order_AGN,Age=24,Conscientiousness,C,3.042,3.345,-0.303,-0.415,48,0.0,0.0,0.0,True,True
AI_GPT4o_Explicit,Country=New Zealand,Emotional Stability,N,3.259,2.903,0.356,0.415,164,0.0,0.0,0.0,True,True
AI_GPT4o_NLP,Country=Ireland,Emotional Stability,N,3.26,2.903,0.357,0.415,106,0.0,0.0,0.0,True,True
AI_GPT4o_Order_AGN,Gender=Female,Agreeableness,A,4.136,3.844,0.292,0.415,599,0.0,0.0,0.0,True,True
AI_GPT4o_Order_GAN,Age=16,Openness,O,3.652,3.911,-0.259,-0.415,44,0.0,0.0,0.0,True,True
AI_GPT4o_NLP,Country=Spain,Emotional Stability,N,3.26,2.903,0.357,0.415,97,0.0,0.0,0.0,True,True
AI_GPT4o_Explicit,Age=36,Agreeableness,A,4.139,3.844,0.295,0.415,204,0.0,0.0,0.0,True,True
AI_GPT4o_NLP,Country=United States of America,Emotional Stability,N,3.203,2.903,0.3,0.415,8851,0.0,0.0,0.0,True,True
AI_GPT4o_Explicit,Country=Australia,Emotional Stability,N,3.252,2.903,0.349,0.415,1025,0.0,0.0,0.0,True,True
AI_GPT4o_NLP,Age=18,Agreeableness,A,4.13,3.844,0.286,0.414,1523,0.0,0.0,0.0,True,True
AI_Qwen_Order_NAG,Country=Canada,Conscientiousness,C,3.043,3.345,-0.302,-0.414,42,0.0,0.0,0.0,True,True
AI_GPT4o_Explicit,Country=Spain,Agreeableness,A,4.139,3.844,0.295,0.414,97,0.0,0.0,0.0,True,True
AI_GPT4o_NLP,Age=34,Emotional Stability,N,3.258,2.903,0.355,0.414,234,0.0,0.0,0.0,True,True
AI_GPT4o_Order_AGN,Country=Australia,Agreeableness,A,4.14,3.844,0.296,0.414,48,0.0,0.0,0.0,True,True
AI_GPT4o_Explicit,Country=Croatia,Agreeableness,A,4.14,3.844,0.296,0.414,43,0.0,0.0,0.0,True,True
AI_GPT4o_Order_NAG,Race=Mixed Race,Emotional Stability,N,3.259,2.903,0.356,0.414,73,0.0,0.0,0.0,True,True
AI_GPT4o_Order_NAG,Age=20,Emotional Stability,N,3.259,2.903,0.356,0.414,78,0.0,0.0,0.0,True,True
AI_GPT4o_Explicit,Age=38,Agreeableness,A,4.138,3.844,0.294,0.413,217,0.0,0.0,0.0,True,True
Human,Age=15,Conscientiousness,C,3.043,3.345,-0.302,-0.413,734,0.0,0.0,0.0,True,True
AI_GPT4o_Order_NAG,Age=16,Agreeableness,A,4.139,3.844,0.295,0.413,44,0.0,0.0,0.0,True,True
AI_GPT4o_Order_GAN,Gender=Female,Emotional Stability,N,3.254,2.903,0.351,0.413,599,0.0,0.0,0.0,True,True
AI_GPT4o_Explicit,Age=64,Agreeableness,A,4.139,3.844,0.295,0.413,38,0.0,0.0,0.0,True,True
AI_GPT4o_Explicit,Age=37,Agreeableness,A,4.138,3.844,0.294,0.413,194,0.0,0.0,0.0,True,True
AI_GPT4o_Explicit,Age=58,Agreeableness,A,4.138,3.844,0.294,0.412,58,0.0,0.0,0.0,True,True
AI_GPT4o_NLP,Country=France,Extroversion,E,3.391,3.012,0.379,0.412,129,0.0,0.0,0.0,True,True
AI_GPT4o_Order_GAN,Country=India,Emotional Stability,N,3.257,2.903,0.354,0.412,89,0.0,0.0,0.0,True,True
AI_GPT4o_Explicit,Age=56,Agreeableness,A,4.138,3.844,0.294,0.412,79,0.0,0.0,0.0,True,True
AI_GPT4o_Explicit,Country=Hungary,Agreeableness,A,4.138,3.844,0.294,0.412,42,0.0,0.0,0.0,True,True
AI_GPT4o_Explicit,Country=Switzerland,Agreeableness,A,4.138,3.844,0.294,0.412,40,0.0,0.0,0.0,True,True
AI_GPT4o_NLP,Race=Caucasian (Middle East),Agreeableness,A,4.135,3.844,0.291,0.412,507,0.0,0.0,0.0,True,True
AI_GPT4o_Explicit,Age=35,Agreeableness,A,4.137,3.844,0.293,0.412,253,0.0,0.0,0.0,True,True
AI_GPT4o_NLP,Age=29,Conscientiousness,C,3.643,3.345,0.298,0.411,368,0.0,0.0,0.0,True,True
AI_GPT4o_NLP,Age=28,Emotional Stability,N,3.253,2.903,0.35,0.411,466,0.0,0.0,0.0,True,True
AI_GPT4o_Explicit,Country=Singapore,Agreeableness,A,4.136,3.844,0.292,0.41,141,0.0,0.0,0.0,True,True
AI_GPT4o_Explicit,Race=Pacific Islander,Emotional Stability,N,3.256,2.903,0.353,0.41,73,0.0,0.0,0.0,True,True
AI_GPT4o_Explicit,Age=51,Agreeableness,A,4.136,3.844,0.292,0.409,104,0.0,0.0,0.0,True,True
AI_GPT4o_Explicit,Country=Mexico,Emotional Stability,N,3.255,2.903,0.352,0.409,83,0.0,0.0,0.0,True,True
AI_GPT4o_NLP,Age=42,Extroversion,E,3.388,3.012,0.376,0.409,153,0.0,0.0,0.0,True,True
AI_GPT4o_NLP,Country=United Kingdom of Great Britain and Northern Ireland,Agreeableness,A,4.126,3.844,0.282,0.409,1583,0.0,0.0,0.0,True,True
AI_GPT4o_Explicit,Country=New Zealand,Agreeableness,A,4.135,3.844,0.291,0.409,164,0.0,0.0,0.0,True,True
AI_GPT4o_Order_AGN,Age_Group=26-34,Agreeableness,A,4.135,3.844,0.291,0.409,171,0.0,0.0,0.0,True,True
AI_GPT4o_Explicit,Age=31,Agreeableness,A,4.134,3.844,0.29,0.409,283,0.0,0.0,0.0,True,True
AI_GPT4o_Explicit,Age=34,Agreeableness,A,4.135,3.844,0.291,0.409,234,0.0,0.0,0.0,True,True
AI_GPT4o_NLP,Age=56,Openness,O,3.656,3.911,-0.255,-0.409,79,0.0,0.0,0.0,True,True
AI_GPT4o_Order_NAG,Age=22,Agreeableness,A,4.135,3.844,0.291,0.408,66,0.0,0.0,0.0,True,True
AI_GPT4o_Order_NAG,Age=21,Emotional Stability,N,3.254,2.903,0.351,0.408,54,0.0,0.0,0.0,True,True
AI_Qwen_Order_NAG,Age=16,Conscientiousness,C,3.047,3.345,-0.298,-0.408,53,0.0,0.0,0.0,True,True
AI_GPT4o_Explicit,Age=30,Agreeableness,A,4.133,3.844,0.289,0.408,393,0.0,0.0,0.0,True,True
AI_GPT4o_Order_GAN,Country=Australia,Emotional Stability,N,3.254,2.903,0.351,0.408,48,0.0,0.0,0.0,True,True
AI_GPT4o_Explicit,Country=United States of America,Openness,O,3.699,3.911,-0.212,-0.408,8851,0.0,0.0,0.0,True,True
AI_GPT4o_Order_NAG,Age_Group=<18,Agreeableness,A,4.134,3.844,0.29,0.408,199,0.0,0.0,0.0,True,True
AI_GPT4o_Explicit,Age=29,Agreeableness,A,4.133,3.844,0.289,0.408,368,0.0,0.0,0.0,True,True
AI_GPT4o_Explicit,Country=Indonesia,Openness,O,3.658,3.911,-0.253,-0.407,190,0.0,0.0,0.0,True,True
AI_GPT4o_Explicit,Age=52,Agreeableness,A,4.134,3.844,0.29,0.407,112,0.0,0.0,0.0,True,True
AI_GPT4o_Explicit,Age=45,Agreeableness,A,4.134,3.844,0.29,0.407,174,0.0,0.0,0.0,True,True
AI_Qwen_Order_AGN,Country=Canada,Conscientiousness,C,3.048,3.345,-0.297,-0.407,42,0.0,0.0,0.0,True,True
AI_GPT4o_Order_GAN,Age=24,Agreeableness,A,4.135,3.844,0.291,0.407,34,0.0,0.0,0.0,True,True
AI_GPT4o_Order_GAN,Age=23,Agreeableness,A,4.135,3.844,0.291,0.407,46,0.0,0.0,0.0,True,True
AI_GPT4o_Explicit,Country=Egypt,Agreeableness,A,4.134,3.844,0.29,0.406,50,0.0,0.0,0.0,True,True
AI_GPT4o_Order_GAN,Race=Caucasian (European),Agreeableness,A,4.13,3.844,0.286,0.406,543,0.0,0.0,0.0,True,True
AI_GPT4o_Order_NAG,Age_Group=26-34,Agreeableness,A,4.133,3.844,0.289,0.406,171,0.0,0.0,0.0,True,True
AI_GPT4o_NLP,Country=South Africa,Emotional Stability,N,3.251,2.903,0.348,0.406,180,0.0,0.0,0.0,True,True
AI_GPT4o_NLP,Age=39,Emotional Stability,N,3.251,2.903,0.348,0.406,180,0.0,0.0,0.0,True,True
AI_GPT4o_Explicit,Age=28,Agreeableness,A,4.131,3.844,0.287,0.406,466,0.0,0.0,0.0,True,True
AI_GPT4o_Explicit,Age=39,Agreeableness,A,4.133,3.844,0.289,0.406,180,0.0,0.0,0.0,True,True
AI_GPT4o_Order_AGN,Country=United Kingdom of Great Britain and Northern Ireland,Emotional Stability,N,3.252,2.903,0.349,0.406,87,0.0,0.0,0.0,True,True
AI_GPT4o_NLP,Race=Native American,Emotional Stability,N,3.25,2.903,0.347,0.405,210,0.0,0.0,0.0,True,True
AI_GPT4o_NLP,Age=31,Emotional Stability,N,3.25,2.903,0.347,0.405,283,0.0,0.0,0.0,True,True
AI_GPT4o_Explicit,Age=62,Agreeableness,A,4.133,3.844,0.289,0.405,30,0.0,0.0,0.0,True,True
AI_GPT4o_Explicit,Country=Philippines,Openness,O,3.662,3.911,-0.249,-0.405,660,0.0,0.0,0.0,True,True
AI_GPT4o_NLP,Country=Poland,Extroversion,E,3.385,3.012,0.373,0.405,88,0.0,0.0,0.0,True,True
Human,Age=55,Extroversion,E,3.385,3.012,0.373,0.404,94,0.0001,0.0004,0.0478,True,True
AI_GPT4o_Order_AGN,Race=South East Asian,Agreeableness,A,4.132,3.844,0.288,0.404,96,0.0,0.0,0.0,True,True
AI_GPT4o_Order_AGN,Age=18,Openness,O,3.659,3.911,-0.252,-0.404,68,0.0,0.0,0.0,True,True
AI_GPT4o_Explicit,Country=Greece,Agreeableness,A,4.132,3.844,0.288,0.404,90,0.0,0.0,0.0,True,True
AI_GPT4o_Order_GAN,Age=18,Emotional Stability,N,3.25,2.903,0.347,0.403,68,0.0,0.0,0.0,True,True
AI_GPT4o_Explicit,Country=Slovenia,Agreeableness,A,4.132,3.844,0.288,0.403,44,0.0,0.0,0.0,True,True
AI_Qwen_Order_AGN,Country=United States of America,Conscientiousness,C,3.054,3.345,-0.291,-0.403,451,0.0,0.0,0.0,True,True
AI_GPT4o_Order_AGN,Age=24,Agreeableness,A,4.132,3.844,0.288,0.403,34,0.0,0.0,0.0,True,True
AI_GPT4o_Order_AGN,Age_Group=35-50,Agreeableness,A,4.131,3.844,0.287,0.403,128,0.0,0.0,0.0,True,True
AI_Qwen_Order_GAN,Gender=Male,Conscientiousness,C,3.053,3.345,-0.292,-0.403,376,0.0,0.0,0.0,True,True
AI_GPT4o_Explicit,Age=48,Agreeableness,A,4.131,3.844,0.287,0.403,140,0.0,0.0,0.0,True,True
AI_GPT4o_Order_AGN,Age=21,Emotional Stability,N,3.25,2.903,0.347,0.403,54,0.0,0.0,0.0,True,True
AI_Qwen_Order_NAG,Age=19,Conscientiousness,C,3.051,3.345,-0.294,-0.403,68,0.0,0.0,0.0,True,True
AI_GPT4o_Explicit,Age=40,Agreeableness,A,4.131,3.844,0.287,0.403,160,0.0,0.0,0.0,True,True
AI_GPT4o_Order_NAG,Race=Caucasian (European),Agreeableness,A,4.128,3.844,0.284,0.403,543,0.0,0.0,0.0,True,True
AI_GPT4o_Explicit,Age=18,Openness,O,3.669,3.911,-0.242,-0.402,1523,0.0,0.0,0.0,True,True
AI_GPT4o_Order_NAG,Age=20,Agreeableness,A,4.131,3.844,0.287,0.402,78,0.0,0.0,0.0,True,True
AI_GPT4o_Order_NAG,Country=United States of America,Agreeableness,A,4.128,3.844,0.284,0.402,432,0.0,0.0,0.0,True,True
AI_GPT4o_Explicit,Age=54,Agreeableness,A,4.131,3.844,0.287,0.402,91,0.0,0.0,0.0,True,True
AI_GPT4o_Order_NAG,Race=Caucasian (Indian),Emotional Stability,N,3.249,2.903,0.346,0.402,86,0.0,0.0,0.0,True,True
AI_GPT4o_Explicit,Age=23,Emotional Stability,N,3.24,2.903,0.337,0.401,959,0.0,0.0,0.0,True,True
AI_GPT4o_Explicit,Age=24,Agreeableness,A,4.126,3.844,0.282,0.401,676,0.0,0.0,0.0,True,True
AI_GPT4o_Order_NAG,Age_Group=35-50,Agreeableness,A,4.13,3.844,0.286,0.401,128,0.0,0.0,0.0,True,True
AI_GPT4o_Order_NAG,Age=17,Agreeableness,A,4.13,3.844,0.286,0.401,73,0.0,0.0,0.0,True,True
AI_GPT4o_Order_NAG,Race=Other,Emotional Stability,N,3.248,2.903,0.345,0.401,122,0.0,0.0,0.0,True,True
AI_GPT4o_Order_NAG,Race=Other,Agreeableness,A,4.129,3.844,0.285,0.4,122,0.0,0.0,0.0,True,True
AI_GPT4o_Order_GAN,Age=25,Agreeableness,A,4.13,3.844,0.286,0.4,37,0.0,0.0,0.0,True,True
AI_GPT4o_Order_NAG,Age_Group=18-25,Agreeableness,A,4.127,3.844,0.283,0.4,433,0.0,0.0,0.0,True,True
AI_GPT4o_Explicit,Country=Kenya,Agreeableness,A,4.13,3.844,0.286,0.4,46,0.0,0.0,0.0,True,True
AI_GPT4o_NLP,Age_Group=35-50,Extroversion,E,3.358,3.012,0.346,0.399,2687,0.0,0.0,0.0,True,True
AI_GPT4o_Explicit,Country=Philippines,Emotional Stability,N,3.241,2.903,0.338,0.399,660,0.0,0.0,0.0,True,True
AI_GPT4o_Order_GAN,Race=South East Asian,Openness,O,3.662,3.911,-0.249,-0.399,96,0.0,0.0,0.0,True,True
AI_GPT4o_Order_NAG,Country=India,Emotional Stability,N,3.246,2.903,0.343,0.399,89,0.0,0.0,0.0,True,True
AI_GPT4o_Explicit,Country=Romania,Agreeableness,A,4.128,3.844,0.284,0.399,139,0.0,0.0,0.0,True,True
AI_GPT4o_Order_AGN,Age_Group=50+,Agreeableness,A,4.129,3.844,0.285,0.399,69,0.0,0.0,0.0,True,True
AI_GPT4o_NLP,Country=Lithuania,Agreeableness,A,4.129,3.844,0.285,0.399,31,0.0,0.0,0.0,True,True
AI_GPT4o_Order_NAG,Country=Canada,Agreeableness,A,4.129,3.844,0.285,0.399,51,0.0,0.0,0.0,True,True
AI_GPT4o_NLP,Age=30,Extroversion,E,3.376,3.012,0.364,0.398,393,0.0,0.0,0.0,True,True
AI_GPT4o_Explicit,Age=25,Agreeableness,A,4.124,3.844,0.28,0.398,680,0.0,0.0,0.0,True,True
AI_GPT4o_Explicit,Age=26,Agreeableness,A,4.125,3.844,0.281,0.398,495,0.0,0.0,0.0,True,True
AI_GPT4o_Explicit,Age=33,Agreeableness,A,4.127,3.844,0.283,0.398,260,0.0,0.0,0.0,True,True
AI_GPT4o_Explicit,Country=Brazil,Emotional Stability,N,3.244,2.903,0.341,0.398,194,0.0,0.0,0.0,True,True
AI_GPT4o_Explicit,Country=Belgium,Agreeableness,A,4.128,3.844,0.284,0.398,87,0.0,0.0,0.0,True,True
AI_GPT4o_NLP,Gender=Female,Extroversion,E,3.307,3.012,0.295,0.397,11854,0.0,0.0,0.0,True,True
AI_Qwen_Order_NAG,Country=Australia,Conscientiousness,C,3.055,3.345,-0.29,-0.397,53,0.0,0.0,0.0,True,True
AI_GPT4o_Order_NAG,Age=15,Emotional Stability,N,3.245,2.903,0.342,0.397,42,0.0,0.0,0.0,True,True
AI_GPT4o_Order_AGN,Age=22,Emotional Stability,N,3.245,2.903,0.342,0.397,66,0.0,0.0,0.0,True,True
AI_GPT4o_Explicit,Gender=Male,Agreeableness,A,4.084,3.844,0.24,0.397,7767,0.0,0.0,0.0,True,True
AI_GPT4o_Explicit,Age_Group=18-25,Openness,O,3.704,3.911,-0.207,-0.397,8541,0.0,0.0,0.0,True,True
AI_GPT4o_Order_GAN,Age=20,Agreeableness,A,4.127,3.844,0.283,0.397,78,0.0,0.0,0.0,True,True
AI_GPT4o_Explicit,Country=Viet Nam,Emotional Stability,N,3.245,2.903,0.342,0.397,38,0.0,0.0,0.0,True,True
AI_GPT4o_Order_AGN,Race=Other,Emotional Stability,N,3.243,2.903,0.34,0.396,122,0.0,0.0,0.0,True,True
AI_GPT4o_Explicit,Race=South East Asian,Emotional Stability,N,3.229,2.903,0.326,0.396,1882,0.0,0.0,0.0,True,True
AI_GPT4o_Explicit,Age=47,Agreeableness,A,4.126,3.844,0.282,0.396,125,0.0,0.0,0.0,True,True
AI_GPT4o_Explicit,Age=50,Agreeableness,A,4.126,3.844,0.282,0.396,131,0.0,0.0,0.0,True,True
AI_GPT4o_Order_GAN,Age=20,Emotional Stability,N,3.244,2.903,0.341,0.396,78,0.0,0.0,0.0,True,True
AI_GPT4o_Explicit,Country=Egypt,Emotional Stability,N,3.244,2.903,0.341,0.396,50,0.0,0.0,0.0,True,True
AI_GPT4o_Explicit,Age=48,Conscientiousness,C,3.633,3.345,0.288,0.395,140,0.0,0.0,0.0,True,True
AI_GPT4o_Explicit,Age=27,Agreeableness,A,4.123,3.844,0.279,0.395,473,0.0,0.0,0.0,True,True
AI_Qwen_Order_GAN,Age_Group=50+,Conscientiousness,C,3.057,3.345,-0.288,-0.395,60,0.0,0.0,0.0,True,True
AI_GPT4o_Explicit,Country=Lithuania,Agreeableness,A,4.126,3.844,0.282,0.395,31,0.0,0.0,0.0,True,True
AI_GPT4o_Explicit,Age=43,Agreeableness,A,4.125,3.844,0.281,0.395,191,0.0,0.0,0.0,True,True
AI_GPT4o_Explicit,Country=Bulgaria,Agreeableness,A,4.126,3.844,0.282,0.395,39,0.0,0.0,0.0,True,True
AI_GPT4o_Order_NAG,Age=24,Agreeableness,A,4.126,3.844,0.282,0.395,34,0.0,0.0,0.0,True,True
AI_GPT4o_Explicit,Country=Japan,Agreeableness,A,4.126,3.844,0.282,0.395,31,0.0,0.0,0.0,True,True
AI_GPT4o_Order_NAG,Age_Group=50+,Agreeableness,A,4.125,3.844,0.281,0.394,69,0.0,0.0,0.0,True,True
AI_GPT4o_Explicit,Race=Native American,Emotional Stability,N,3.241,2.903,0.338,0.394,210,0.0,0.0,0.0,True,True
AI_GPT4o_NLP,Country=Thailand,Emotional Stability,N,3.242,2.903,0.339,0.394,48,0.0,0.0,0.0,True,True
AI_GPT4o_Explicit,Country=Denmark,Agreeableness,A,4.125,3.844,0.281,0.394,118,0.0,0.0,0.0,True,True
AI_GPT4o_Explicit,Age=32,Agreeableness,A,4.123,3.844,0.279,0.394,336,0.0,0.0,0.0,True,True
AI_GPT4o_Explicit,Race=Caucasian (European),Openness,O,3.712,3.911,-0.199,-0.394,10537,0.0,0.0,0.0,True,True
AI_Qwen_Order_NAG,Age=23,Conscientiousness,C,3.057,3.345,-0.288,-0.394,42,0.0,0.0,0.0,True,True
AI_GPT4o_Explicit,Country=Argentina,Emotional Stability,N,3.242,2.903,0.339,0.394,45,0.0,0.0,0.0,True,True
AI_GPT4o_Order_NAG,Age=16,Emotional Stability,N,3.241,2.903,0.338,0.393,44,0.0,0.0,0.0,True,True
AI_GPT4o_Explicit,Age=49,Agreeableness,A,4.124,3.844,0.28,0.393,140,0.0,0.0,0.0,True,True
AI_GPT4o_Explicit,Age=42,Agreeableness,A,4.124,3.844,0.28,0.393,153,0.0,0.0,0.0,True,True
AI_GPT4o_NLP,Age_Group=18-25,Emotional Stability,N,3.187,2.903,0.284,0.393,8541,0.0,0.0,0.0,True,True
AI_GPT4o_Order_AGN,Gender=Female,Emotional Stability,N,3.237,2.903,0.334,0.393,599,0.0,0.0,0.0,True,True
AI_GPT4o_Order_GAN,Age_Group=18-25,Agreeableness,A,4.122,3.844,0.278,0.393,433,0.0,0.0,0.0,True,True
AI_GPT4o_Explicit,Age=46,Agreeableness,A,4.124,3.844,0.28,0.393,144,0.0,0.0,0.0,True,True
AI_GPT4o_Explicit,Race=South East Asian,Openness,O,3.677,3.911,-0.234,-0.392,1882,0.0,0.0,0.0,True,True
AI_GPT4o_NLP,Country=Sri Lanka,Extroversion,E,3.374,3.012,0.362,0.392,31,0.0,0.0,0.0,True,True
AI_GPT4o_Explicit,Age=44,Agreeableness,A,4.123,3.844,0.279,0.392,130,0.0,0.0,0.0,True,True
AI_GPT4o_NLP,Country=Germany,Extroversion,E,3.372,3.012,0.36,0.392,185,0.0,0.0,0.0,True,True
AI_Qwen_Order_AGN,Race=Caucasian (European),Conscientiousness,C,3.062,3.345,-0.283,-0.392,546,0.0,0.0,0.0,True,True
AI_Qwen_Order_GAN,Age_Group=35-50,Conscientiousness,C,3.059,3.345,-0.286,-0.392,127,0.0,0.0,0.0,True,True
AI_GPT4o_Explicit,Country=Singapore,Emotional Stability,N,3.24,2.903,0.337,0.392,141,0.0,0.0,0.0,True,True
AI_GPT4o_NLP,Age=40,Extroversion,E,3.372,3.012,0.36,0.392,160,0.0,0.0,0.0,True,True
AI_GPT4o_Order_NAG,Country=United Kingdom of Great Britain and Northern Ireland,Agreeableness,A,4.124,3.844,0.28,0.392,87,0.0,0.0,0.0,True,True
AI_GPT4o_Order_GAN,Age=16,Agreeableness,A,4.123,3.844,0.279,0.391,44,0.0,0.0,0.0,True,True
AI_GPT4o_NLP,Country=Belgium,Extroversion,E,3.372,3.012,0.36,0.391,87,0.0,0.0,0.0,True,True
AI_GPT4o_Explicit,Age=53,Agreeableness,A,4.123,3.844,0.279,0.391,83,0.0,0.0,0.0,True,True
AI_GPT4o_Order_GAN,Country=United Kingdom of Great Britain and Northern Ireland,Agreeableness,A,4.123,3.844,0.279,0.391,87,0.0,0.0,0.0,True,True
AI_Qwen_Order_NAG,Race=Other,Conscientiousness,C,3.06,3.345,-0.285,-0.391,124,0.0,0.0,0.0,True,True
AI_GPT4o_Explicit,Country=Sri Lanka,Emotional Stability,N,3.239,2.903,0.336,0.39,31,0.0,0.0,0.0,True,True
AI_GPT4o_Explicit,Country=Canada,Agreeableness,A,4.116,3.844,0.272,0.39,942,0.0,0.0,0.0,True,True
AI_GPT4o_NLP,Age=25,Extroversion,E,3.366,3.012,0.354,0.39,680,0.0,0.0,0.0,True,True
AI_GPT4o_Explicit,Country=France,Agreeableness,A,4.122,3.844,0.278,0.39,129,0.0,0.0,0.0,True,True
AI_GPT4o_NLP,Country=Japan,Conscientiousness,C,3.629,3.345,0.284,0.389,31,0.0,0.0,0.0,True,True
AI_GPT4o_NLP,Gender=Male,Openness,O,3.702,3.911,-0.209,-0.389,7767,0.0,0.0,0.0,True,True
AI_GPT4o_NLP,Age=25,Emotional Stability,N,3.233,2.903,0.33,0.389,680,0.0,0.0,0.0,True,True
Human,Age=53,Agreeableness,A,4.122,3.844,0.278,0.389,90,0.0,0.0002,0.0239,True,True
AI_GPT4o_Explicit,Age=41,Agreeableness,A,4.121,3.844,0.277,0.389,151,0.0,0.0,0.0,True,True
AI_GPT4o_Order_NAG,Age=21,Agreeableness,A,4.122,3.844,0.278,0.389,54,0.0,0.0,0.0,True,True
AI_GPT4o_Explicit,Age_Group=<18,Agreeableness,A,4.097,3.844,0.253,0.389,4076,0.0,0.0,0.0,True,True
AI_GPT4o_NLP,Country=Sweden,Extroversion,E,3.369,3.012,0.357,0.388,148,0.0,0.0,0.0,True,True
AI_GPT4o_Order_NAG,Age=15,Openness,O,3.669,3.911,-0.242,-0.388,42,0.0,0.0,0.0,True,True
AI_GPT4o_Explicit,Age=19,Openness,O,3.676,3.911,-0.235,-0.388,1253,0.0,0.0,0.0,True,True
AI_GPT4o_Order_NAG,Age=15,Agreeableness,A,4.121,3.844,0.277,0.388,42,0.0,0.0,0.0,True,True
AI_GPT4o_NLP,Age=20,Emotional Stability,N,3.228,2.903,0.325,0.388,1197,0.0,0.0,0.0,True,True
AI_GPT4o_Order_NAG,Country=Australia,Agreeableness,A,4.121,3.844,0.277,0.388,48,0.0,0.0,0.0,True,True
AI_GPT4o_Explicit,Age=14,Agreeableness,A,4.118,3.844,0.274,0.388,475,0.0,0.0,0.0,True,True
AI_GPT4o_Order_GAN,Age=18,Agreeableness,A,4.121,3.844,0.277,0.388,68,0.0,0.0,0.0,True,True
AI_GPT4o_Order_AGN,Age_Group=18-25,Emotional Stability,N,3.233,2.903,0.33,0.387,433,0.0,0.0,0.0,True,True
AI_GPT4o_Explicit,Country=Ireland,Agreeableness,A,4.12,3.844,0.276,0.387,106,0.0,0.0,0.0,True,True
AI_GPT4o_Order_GAN,Age=19,Agreeableness,A,4.12,3.844,0.276,0.387,50,0.0,0.0,0.0,True,True
AI_GPT4o_NLP,Country=Finland,Agreeableness,A,4.12,3.844,0.276,0.387,102,0.0,0.0,0.0,True,True
AI_GPT4o_Explicit,Age=22,Emotional Stability,N,3.227,2.903,0.324,0.386,1018,0.0,0.0,0.0,True,True
AI_GPT4o_NLP,Country=China,Extroversion,E,3.368,3.012,0.356,0.386,44,0.0,0.0,0.0,True,True
AI_GPT4o_Explicit,Race=Mixed Race,Emotional Stability,N,3.224,2.903,0.321,0.386,1415,0.0,0.0,0.0,True,True
AI_GPT4o_NLP,Age=51,Openness,O,3.671,3.911,-0.24,-0.385,104,0.0,0.0,0.0,True,True
AI_GPT4o_Order_NAG,Age_Group=50+,Conscientiousness,C,3.626,3.345,0.281,0.385,69,0.0,0.0,0.0,True,True
AI_GPT4o_Order_NAG,Age_Group=<18,Emotional Stability,N,3.233,2.903,0.33,0.385,199,0.0,0.0,0.0,True,True
AI_GPT4o_Order_GAN,Country=United States of America,Agreeableness,A,4.116,3.844,0.272,0.385,432,0.0,0.0,0.0,True,True
AI_GPT4o_Order_AGN,Country=United States of America,Emotional Stability,N,3.231,2.903,0.328,0.385,432,0.0,0.0,0.0,True,True
AI_GPT4o_Explicit,Country=Türkiye,Agreeableness,A,4.119,3.844,0.275,0.385,63,0.0,0.0,0.0,True,True
AI_GPT4o_NLP,Age=43,Extroversion,E,3.366,3.012,0.354,0.385,191,0.0,0.0,0.0,True,True
AI_Qwen_Order_NAG,Country=United Kingdom of Great Britain and Northern Ireland,Conscientiousness,C,3.065,3.345,-0.28,-0.384,79,0.0,0.0,0.0,True,True
AI_GPT4o_Explicit,Age=21,Emotional Stability,N,3.224,2.903,0.321,0.384,1235,0.0,0.0,0.0,True,True
AI_GPT4o_NLP,Age=30,Conscientiousness,C,3.623,3.345,0.278,0.384,393,0.0,0.0,0.0,True,True
AI_GPT4o_Order_NAG,Age=18,Agreeableness,A,4.118,3.844,0.274,0.384,68,0.0,0.0,0.0,True,True
AI_GPT4o_Order_AGN,Race=South East Asian,Emotional Stability,N,3.233,2.903,0.33,0.384,96,0.0,0.0,0.0,True,True
AI_GPT4o_Order_GAN,Race=Mixed Race,Emotional Stability,N,3.233,2.903,0.33,0.384,73,0.0,0.0,0.0,True,True
AI_Qwen_Order_NAG,Country=United States of America,Conscientiousness,C,3.068,3.345,-0.277,-0.383,451,0.0,0.0,0.0,True,True
Human,Gender=Other,Emotional Stability,N,2.573,2.903,-0.33,-0.383,98,0.0,0.0001,0.0112,True,True
AI_GPT4o_Explicit,Age=13,Agreeableness,A,4.116,3.844,0.272,0.383,261,0.0,0.0,0.0,True,True
AI_GPT4o_Explicit,Race=Other,Agreeableness,A,4.101,3.844,0.257,0.383,2628,0.0,0.0,0.0,True,True
AI_GPT4o_Order_GAN,Age_Group=35-50,Conscientiousness,C,3.624,3.345,0.279,0.383,128,0.0,0.0,0.0,True,True
AI_GPT4o_Explicit,Age=51,Conscientiousness,C,3.624,3.345,0.279,0.383,104,0.0,0.0,0.0,True,True
AI_GPT4o_NLP,Age=19,Agreeableness,A,4.11,3.844,0.266,0.383,1253,0.0,0.0,0.0,True,True
AI_GPT4o_Explicit,Gender=Female,Openness,O,3.722,3.911,-0.189,-0.383,11854,0.0,0.0,0.0,True,True
Human,Age=14,Conscientiousness,C,3.066,3.345,-0.279,-0.382,453,0.0,0.0,0.0,True,True
AI_GPT4o_Order_NAG,Race=South East Asian,Openness,O,3.673,3.911,-0.238,-0.382,96,0.0,0.0,0.0,True,True
Human,Age_Group=50+,Agreeableness,A,4.116,3.844,0.272,0.382,1065,0.0,0.0,0.0,True,True
AI_GPT4o_Explicit,Race=West African,Emotional Stability,N,3.23,2.903,0.327,0.382,275,0.0,0.0,0.0,True,True
AI_GPT4o_Order_GAN,Age=21,Agreeableness,A,4.117,3.844,0.273,0.382,54,0.0,0.0,0.0,True,True
AI_GPT4o_Explicit,Country=Malaysia,Emotional Stability,N,3.23,2.903,0.327,0.382,267,0.0,0.0,0.0,True,True
AI_GPT4o_NLP,Age=50,Openness,O,3.673,3.911,-0.238,-0.382,131,0.0,0.0,0.0,True,True
AI_GPT4o_Explicit,Age=50,Conscientiousness,C,3.623,3.345,0.278,0.382,131,0.0,0.0,0.0,True,True
AI_GPT4o_Explicit,Age=22,Agreeableness,A,4.11,3.844,0.266,0.382,1018,0.0,0.0,0.0,True,True
AI_GPT4o_Order_AGN,Country=Canada,Agreeableness,A,4.116,3.844,0.272,0.381,51,0.0,0.0,0.0,True,True
AI_GPT4o_NLP,Country=Belgium,Conscientiousness,C,3.623,3.345,0.278,0.381,87,0.0,0.0,0.0,True,True
AI_GPT4o_NLP,Country=China,Conscientiousness,C,3.623,3.345,0.278,0.381,44,0.0,0.0,0.0,True,True
AI_GPT4o_NLP,Age=57,Openness,O,3.673,3.911,-0.238,-0.381,70,0.0,0.0,0.0,True,True
AI_GPT4o_Explicit,Age=45,Conscientiousness,C,3.622,3.345,0.277,0.381,174,0.0,0.0,0.0,True,True
AI_GPT4o_Explicit,Age=23,Agreeableness,A,4.11,3.844,0.266,0.381,959,0.0,0.0,0.0,True,True
AI_GPT4o_Order_AGN,Age=20,Agreeableness,A,4.115,3.844,0.271,0.38,78,0.0,0.0,0.0,True,True
AI_GPT4o_NLP,Country=Jamaica,Emotional Stability,N,3.23,2.903,0.327,0.38,33,0.0,0.0,0.0,True,True
AI_GPT4o_Explicit,Country=Australia,Agreeableness,A,4.109,3.844,0.265,0.38,1025,0.0,0.0,0.0,True,True
AI_GPT4o_NLP,Age_Group=26-34,Conscientiousness,C,3.603,3.345,0.258,0.38,3308,0.0,0.0,0.0,True,True
AI_GPT4o_NLP,Age_Group=50+,Openness,O,3.68,3.911,-0.231,-0.379,1108,0.0,0.0,0.0,True,True
AI_GPT4o_Order_GAN,Race=South East Asian,Emotional Stability,N,3.229,2.903,0.326,0.379,96,0.0,0.0,0.0,True,True
AI_GPT4o_Explicit,Country=Malaysia,Agreeableness,A,4.113,3.844,0.269,0.379,267,0.0,0.0,0.0,True,True
AI_GPT4o_Order_AGN,Age=25,Agreeableness,A,4.114,3.844,0.27,0.378,37,0.0,0.0,0.0,True,True
AI_GPT4o_Order_GAN,Age=18,Openness,O,3.675,3.911,-0.236,-0.378,68,0.0,0.0,0.0,True,True
AI_GPT4o_Explicit,Gender=Other,Emotional Stability,N,3.228,2.903,0.325,0.378,99,0.0,0.0,0.0,True,True
AI_GPT4o_NLP,Age=38,Extroversion,E,3.359,3.012,0.347,0.378,217,0.0,0.0,0.0,True,True
AI_GPT4o_NLP,Country=Singapore,Agreeableness,A,4.113,3.844,0.269,0.378,141,0.0,0.0,0.0,True,True
AI_GPT4o_Explicit,Age=60,Conscientiousness,C,3.621,3.345,0.276,0.378,86,0.0,0.0,0.0,True,True
AI_GPT4o_NLP,Age=17,Agreeableness,A,4.105,3.844,0.261,0.378,1415,0.0,0.0,0.0,True,True
AI_GPT4o_Order_GAN,Race=Other,Emotional Stability,N,3.228,2.903,0.325,0.378,122,0.0,0.0,0.0,True,True
Human,Age=16,Conscientiousness,C,3.07,3.345,-0.275,-0.378,1108,0.0,0.0,0.0,True,True
AI_GPT4o_NLP,Country=Egypt,Agreeableness,A,4.114,3.844,0.27,0.378,50,0.0,0.0,0.0,True,True
AI_GPT4o_Explicit,Age=20,Emotional Stability,N,3.218,2.903,0.315,0.377,1197,0.0,0.0,0.0,True,True
AI_GPT4o_Order_AGN,Race=Caucasian (European),Agreeableness,A,4.11,3.844,0.266,0.377,543,0.0,0.0,0.0,True,True
AI_GPT4o_NLP,Country=Philippines,Extroversion,E,3.354,3.012,0.342,0.377,660,0.0,0.0,0.0,True,True
AI_GPT4o_Explicit,Race=Caucasian (Middle East),Agreeableness,A,4.11,3.844,0.266,0.377,507,0.0,0.0,0.0,True,True
AI_GPT4o_Explicit,Country=Viet Nam,Openness,O,3.676,3.911,-0.235,-0.376,38,0.0,0.0,0.0,True,True
AI_GPT4o_NLP,Age=33,Conscientiousness,C,3.618,3.345,0.273,0.376,260,0.0,0.0,0.0,True,True
AI_GPT4o_Order_AGN,Country=United States of America,Agreeableness,A,4.11,3.844,0.266,0.376,432,0.0,0.0,0.0,True,True
AI_Qwen_Order_NAG,Race=Caucasian (European),Conscientiousness,C,3.074,3.345,-0.271,-0.376,546,0.0,0.0,0.0,True,True
AI_GPT4o_NLP,Country=Serbia,Extroversion,E,3.358,3.012,0.346,0.376,103,0.0,0.0,0.0,True,True
AI_GPT4o_NLP,Country=Hong Kong,Extroversion,E,3.359,3.012,0.347,0.376,39,0.0,0.0,0.0,True,True
AI_GPT4o_NLP,Country=Poland,Agreeableness,A,4.112,3.844,0.268,0.376,88,0.0,0.0,0.0,True,True
AI_GPT4o_Order_NAG,Age_Group=35-50,Conscientiousness,C,3.618,3.345,0.273,0.375,128,0.0,0.0,0.0,True,True
AI_GPT4o_NLP,Country=South Africa,Conscientiousness,C,3.618,3.345,0.273,0.375,180,0.0,0.0,0.0,True,True
AI_GPT4o_Explicit,Age=65,Conscientiousness,C,3.619,3.345,0.274,0.375,32,0.0,0.0,0.0,True,True
AI_GPT4o_NLP,Country=Hungary,Agreeableness,A,4.112,3.844,0.268,0.375,42,0.0,0.0,0.0,True,True
AI_GPT4o_Order_GAN,Age=17,Openness,O,3.677,3.911,-0.234,-0.375,73,0.0,0.0,0.0,True,True
AI_Qwen_Order_GAN,Age=19,Conscientiousness,C,3.071,3.345,-0.274,-0.375,68,0.0,0.0,0.0,True,True
AI_GPT4o_Order_AGN,Age=22,Agreeableness,A,4.111,3.844,0.267,0.374,66,0.0,0.0,0.0,True,True
Human,Age=44,Conscientiousness,C,3.618,3.345,0.273,0.374,129,0.0,0.0002,0.0149,True,True
AI_GPT4o_NLP,Country=Poland,Emotional Stability,N,3.224,2.903,0.321,0.373,88,0.0,0.0,0.0,True,True
AI_GPT4o_NLP,Country=Bangladesh,Agreeableness,A,4.11,3.844,0.266,0.372,41,0.0,0.0,0.0,True,True
AI_GPT4o_Order_AGN,Country=United Kingdom of Great Britain and Northern Ireland,Openness,O,3.679,3.911,-0.232,-0.372,87,0.0,0.0,0.0,True,True
AI_GPT4o_Order_AGN,Age_Group=18-25,Agreeableness,A,4.107,3.844,0.263,0.372,433,0.0,0.0,0.0,True,True
AI_GPT4o_Explicit,Race=Caucasian (North African),Agreeableness,A,4.107,3.844,0.263,0.372,443,0.0,0.0,0.0,True,True
AI_GPT4o_Order_NAG,Age=17,Emotional Stability,N,3.222,2.903,0.319,0.371,73,0.0,0.0,0.0,True,True
AI_GPT4o_Order_AGN,Race=Mixed Race,Emotional Stability,N,3.222,2.903,0.319,0.371,73,0.0,0.0,0.0,True,True
AI_GPT4o_Order_AGN,Age=20,Emotional Stability,N,3.222,2.903,0.319,0.371,78,0.0,0.0,0.0,True,True
AI_GPT4o_Explicit,Country=United Arab Emirates,Emotional Stability,N,3.222,2.903,0.319,0.371,108,0.0,0.0,0.0,True,True
AI_GPT4o_Order_AGN,Race=Other,Agreeableness,A,4.108,3.844,0.264,0.37,122,0.0,0.0,0.0,True,True
AI_GPT4o_NLP,Gender=Male,Agreeableness,A,4.07,3.844,0.226,0.37,7767,0.0,0.0,0.0,True,True
AI_GPT4o_Order_GAN,Age=17,Agreeableness,A,4.108,3.844,0.264,0.37,73,0.0,0.0,0.0,True,True
AI_GPT4o_Order_GAN,Age_Group=<18,Agreeableness,A,4.107,3.844,0.263,0.37,199,0.0,0.0,0.0,True,True
AI_GPT4o_Explicit,Age=20,Openness,O,3.687,3.911,-0.224,-0.369,1197,0.0,0.0,0.0,True,True
AI_GPT4o_Explicit,Age=40,Conscientiousness,C,3.614,3.345,0.269,0.369,160,0.0,0.0,0.0,True,True
AI_GPT4o_Explicit,Age=19,Agreeableness,A,4.099,3.844,0.255,0.368,1253,0.0,0.0,0.0,True,True
AI_GPT4o_NLP,Age=41,Extroversion,E,3.35,3.012,0.338,0.368,151,0.0,0.0,0.0,True,True
AI_GPT4o_Explicit,Age=21,Agreeableness,A,4.099,3.844,0.255,0.368,1235,0.0,0.0,0.0,True,True
AI_GPT4o_NLP,Country=Romania,Agreeableness,A,4.106,3.844,0.262,0.368,139,0.0,0.0,0.0,True,True
AI_GPT4o_Order_AGN,Age=23,Emotional Stability,N,3.22,2.903,0.317,0.368,46,0.0,0.0,0.0,True,True
AI_GPT4o_NLP,Age=31,Conscientiousness,C,3.612,3.345,0.267,0.368,283,0.0,0.0,0.0,True,True
AI_GPT4o_Order_NAG,Age=16,Openness,O,3.682,3.911,-0.229,-0.367,44,0.0,0.0,0.0,True,True
AI_GPT4o_Explicit,Age=18,Agreeableness,A,4.097,3.844,0.253,0.367,1523,0.0,0.0,0.0,True,True
AI_GPT4o_Explicit,Race=North East Asian,Emotional Stability,N,3.218,2.903,0.315,0.367,175,0.0,0.0,0.0,True,True
AI_GPT4o_Order_GAN,Age=22,Agreeableness,A,4.106,3.844,0.262,0.367,66,0.0,0.0,0.0,True,True
AI_GPT4o_Explicit,Age=58,Conscientiousness,C,3.612,3.345,0.267,0.366,58,0.0,0.0,0.0,True,True
AI_GPT4o_Explicit,Age_Group=50+,Conscientiousness,C,3.605,3.345,0.26,0.366,1108,0.0,0.0,0.0,True,True
AI_GPT4o_Explicit,Age_Group=35-50,Conscientiousness,C,3.596,3.345,0.251,0.366,2687,0.0,0.0,0.0,True,True
AI_GPT4o_Order_GAN,Race=Other,Agreeableness,A,4.105,3.844,0.261,0.366,122,0.0,0.0,0.0,True,True
AI_GPT4o_Order_GAN,Age=19,Emotional Stability,N,3.218,2.903,0.315,0.366,50,0.0,0.0,0.0,True,True
AI_GPT4o_Explicit,Age=54,Conscientiousness,C,3.612,3.345,0.267,0.366,91,0.0,0.0,0.0,True,True
AI_GPT4o_NLP,Country=Bulgaria,Agreeableness,A,4.105,3.844,0.261,0.365,39,0.0,0.0,0.0,True,True
AI_GPT4o_NLP,Age=18,Emotional Stability,N,3.206,2.903,0.303,0.365,1523,0.0,0.0,0.0,True,True
AI_Qwen_Order_AGN,Gender=Male,Conscientiousness,C,3.081,3.345,-0.264,-0.365,376,0.0,0.0,0.0,True,True
AI_GPT4o_NLP,Country=Malaysia,Extroversion,E,3.347,3.012,0.335,0.365,267,0.0,0.0,0.0,True,True
AI_GPT4o_Order_AGN,Age=18,Emotional Stability,N,3.216,2.903,0.313,0.364,68,0.0,0.0,0.0,True,True
AI_GPT4o_Order_GAN,Country=India,Agreeableness,A,4.104,3.844,0.26,0.364,89,0.0,0.0,0.0,True,True
AI_GPT4o_Explicit,Country=Malaysia,Openness,O,3.685,3.911,-0.226,-0.364,267,0.0,0.0,0.0,True,True
AI_GPT4o_Order_AGN,Gender=Male,Openness,O,3.686,3.911,-0.225,-0.364,397,0.0,0.0,0.0,True,True
AI_GPT4o_NLP,Gender=Other,Agreeableness,A,4.103,3.844,0.259,0.363,99,0.0,0.0,0.0,True,True
AI_GPT4o_Explicit,Country=India,Emotional Stability,N,3.204,2.903,0.301,0.363,1516,0.0,0.0,0.0,True,True
AI_GPT4o_Explicit,Age=18,Emotional Stability,N,3.204,2.903,0.301,0.363,1523,0.0,0.0,0.0,True,True
AI_GPT4o_Explicit,Country=Hong Kong,Agreeableness,A,4.103,3.844,0.259,0.363,39,0.0,0.0,0.0,True,True
AI_GPT4o_NLP,Gender=Male,Extroversion,E,3.298,3.012,0.286,0.363,7767,0.0,0.0,0.0,True,True
AI_GPT4o_Explicit,Age=57,Conscientiousness,C,3.609,3.345,0.264,0.362,70,0.0,0.0,0.0,True,True
AI_GPT4o_Explicit,Age=19,Emotional Stability,N,3.205,2.903,0.302,0.362,1253,0.0,0.0,0.0,True,True
AI_GPT4o_Order_AGN,Age=20,Openness,O,3.685,3.911,-0.226,-0.362,78,0.0,0.0,0.0,True,True
AI_GPT4o_NLP,Race=South East Asian,Extroversion,E,3.332,3.012,0.32,0.362,1882,0.0,0.0,0.0,True,True
Human,Age=45,Agreeableness,A,4.103,3.844,0.259,0.362,175,0.0,0.0,0.0004,True,True
AI_GPT4o_NLP,Country=Bulgaria,Extroversion,E,3.346,3.012,0.334,0.362,39,0.0,0.0,0.0,True,True
AI_GPT4o_Explicit,Age=16,Agreeableness,A,4.096,3.844,0.252,0.362,1127,0.0,0.0,0.0,True,True
AI_GPT4o_Explicit,Age=15,Agreeableness,A,4.097,3.844,0.253,0.361,798,0.0,0.0,0.0,True,True
AI_GPT4o_Explicit,Race=Pacific Islander,Openness,O,3.686,3.911,-0.225,-0.361,73,0.0,0.0,0.0,True,True
AI_GPT4o_Order_NAG,Age=19,Agreeableness,A,4.102,3.844,0.258,0.361,50,0.0,0.0,0.0,True,True
AI_GPT4o_NLP,Country=Switzerland,Extroversion,E,3.345,3.012,0.333,0.361,40,0.0,0.0,0.0,True,True
AI_GPT4o_Explicit,Country=South Africa,Agreeableness,A,4.101,3.844,0.257,0.361,180,0.0,0.0,0.0,True,True
AI_GPT4o_Explicit,Country=Pakistan,Emotional Stability,N,3.212,2.903,0.309,0.36,209,0.0,0.0,0.0,True,True
AI_GPT4o_Order_GAN,Race=Caucasian (Indian),Agreeableness,A,4.1,3.844,0.256,0.359,86,0.0,0.0,0.0,True,True
AI_GPT4o_Order_NAG,Gender=Male,Agreeableness,A,4.098,3.844,0.254,0.359,397,0.0,0.0,0.0,True,True
AI_GPT4o_NLP,Age_Group=18-25,Extroversion,E,3.292,3.012,0.28,0.359,8541,0.0,0.0,0.0,True,True
AI_GPT4o_NLP,Country=Kenya,Conscientiousness,C,3.607,3.345,0.262,0.359,46,0.0,0.0,0.0,True,True
Human,Age=52,Extroversion,E,3.343,3.012,0.331,0.359,114,0.0,0.0003,0.0282,True,True
AI_GPT4o_Order_AGN,Age=18,Agreeableness,A,4.1,3.844,0.256,0.359,68,0.0,0.0,0.0,True,True
AI_GPT4o_Explicit,Country=United Kingdom of Great Britain and Northern Ireland,Agreeableness,A,4.09,3.844,0.246,0.358,1583,0.0,0.0,0.0,True,True
AI_GPT4o_NLP,Age=60,Openness,O,3.688,3.911,-0.223,-0.358,86,0.0,0.0,0.0,True,True
AI_GPT4o_Order_AGN,Age=15,Agreeableness,A,4.1,3.844,0.256,0.358,42,0.0,0.0,0.0,True,True
AI_GPT4o_Order_AGN,Race=South East Asian,Openness,O,3.688,3.911,-0.223,-0.358,96,0.0,0.0,0.0,True,True
AI_GPT4o_Explicit,Country=Saudi Arabia,Emotional Stability,N,3.211,2.903,0.308,0.358,53,0.0,0.0,0.0,True,True
AI_GPT4o_Order_AGN,Country=India,Emotional Stability,N,3.21,2.903,0.307,0.357,89,0.0,0.0,0.0,True,True
AI_GPT4o_Order_AGN,Age=17,Openness,O,3.688,3.911,-0.223,-0.357,73,0.0,0.0,0.0,True,True
AI_GPT4o_Explicit,Country=India,Agreeableness,A,4.09,3.844,0.246,0.357,1516,0.0,0.0,0.0,True,True
AI_GPT4o_Explicit,Age=65,Openness,O,3.688,3.911,-0.223,-0.357,32,0.0,0.0,0.0,True,True
AI_GPT4o_NLP,Country=Sri Lanka,Conscientiousness,C,3.606,3.345,0.261,0.357,31,0.0,0.0,0.0,True,True
AI_GPT4o_Explicit,Age=20,Agreeableness,A,4.092,3.844,0.248,0.357,1197,0.0,0.0,0.0,True,True
AI_Qwen_Order_NAG,Age_Group=26-34,Conscientiousness,C,3.085,3.345,-0.26,-0.357,163,0.0,0.0,0.0,True,True
AI_Qwen_Order_NAG,Age=22,Conscientiousness,C,3.085,3.345,-0.26,-0.356,46,0.0,0.0,0.0,True,True
AI_GPT4o_Order_AGN,Age=21,Agreeableness,A,4.098,3.844,0.254,0.356,54,0.0,0.0,0.0,True,True
AI_GPT4o_Order_AGN,Age=23,Agreeableness,A,4.098,3.844,0.254,0.356,46,0.0,0.0,0.0,True,True
AI_GPT4o_Explicit,Age=56,Conscientiousness,C,3.605,3.345,0.26,0.356,79,0.0,0.0,0.0,True,True
AI_GPT4o_Order_AGN,Age=19,Agreeableness,A,4.098,3.844,0.254,0.356,50,0.0,0.0,0.0,True,True
AI_GPT4o_Order_AGN,Age_Group=<18,Agreeableness,A,4.097,3.844,0.253,0.356,199,0.0,0.0,0.0,True,True
AI_GPT4o_Explicit,Gender=Other,Agreeableness,A,4.097,3.844,0.253,0.355,99,0.0,0.0,0.0,True,True
AI_GPT4o_Order_AGN,Age_Group=35-50,Conscientiousness,C,3.603,3.345,0.258,0.354,128,0.0,0.0,0.0,True,True
AI_GPT4o_Explicit,Age=17,Agreeableness,A,4.088,3.844,0.244,0.353,1415,0.0,0.0,0.0,True,True
AI_GPT4o_Explicit,Age=47,Conscientiousness,C,3.602,3.345,0.257,0.353,125,0.0,0.0,0.0,True,True
Human,Age=48,Agreeableness,A,4.096,3.844,0.252,0.353,136,0.0,0.0001,0.0048,True,True
AI_GPT4o_NLP,Country=Hungary,Emotional Stability,N,3.205,2.903,0.302,0.351,42,0.0,0.0,0.0,True,True
AI_GPT4o_Explicit,Country=United Arab Emirates,Agreeableness,A,4.094,3.844,0.25,0.351,108,0.0,0.0,0.0,True,True
AI_GPT4o_NLP,Age=41,Conscientiousness,C,3.6,3.345,0.255,0.35,151,0.0,0.0,0.0,True,True
AI_GPT4o_NLP,Age=51,Extroversion,E,3.334,3.012,0.322,0.35,104,0.0,0.0,0.0,True,True
AI_GPT4o_NLP,Age=54,Openness,O,3.693,3.911,-0.218,-0.35,91,0.0,0.0,0.0,True,True
AI_GPT4o_NLP,Race=Caucasian (North African),Extroversion,E,3.331,3.012,0.319,0.349,443,0.0,0.0,0.0,True,True
AI_GPT4o_Explicit,Country=Japan,Conscientiousness,C,3.6,3.345,0.255,0.349,31,0.0,0.0,0.0,True,True
AI_GPT4o_Order_NAG,Age_Group=<18,Openness,O,3.694,3.911,-0.217,-0.349,199,0.0,0.0,0.0,True,True
AI_GPT4o_Order_GAN,Age_Group=26-34,Conscientiousness,C,3.598,3.345,0.253,0.348,171,0.0,0.0,0.0,True,True
AI_GPT4o_Order_GAN,Age=20,Openness,O,3.694,3.911,-0.217,-0.348,78,0.0,0.0,0.0,True,True
AI_GPT4o_Order_GAN,Age=19,Openness,O,3.694,3.911,-0.217,-0.348,50,0.0,0.0,0.0,True,True
AI_GPT4o_NLP,Country=United Arab Emirates,Agreeableness,A,4.092,3.844,0.248,0.348,108,0.0,0.0,0.0,True,True
AI_GPT4o_Explicit,Country=United Kingdom of Great Britain and Northern Ireland,Openness,O,3.702,3.911,-0.209,-0.348,1583,0.0,0.0,0.0,True,True
AI_GPT4o_Explicit,Country=Lebanon,Emotional Stability,N,3.202,2.903,0.299,0.347,44,0.0,0.0,0.0,True,True
AI_GPT4o_Explicit,Race=Caucasian (Indian),Agreeableness,A,4.083,3.844,0.239,0.347,1542,0.0,0.0,0.0,True,True
AI_GPT4o_Explicit,Race=Caucasian (North African),Emotional Stability,N,3.199,2.903,0.296,0.347,443,0.0,0.0,0.0,True,True
AI_GPT4o_Explicit,Country=Hong Kong,Openness,O,3.695,3.911,-0.216,-0.346,39,0.0,0.0,0.0,True,True
AI_GPT4o_NLP,Age=58,Openness,O,3.695,3.911,-0.216,-0.346,58,0.0,0.0,0.0,True,True
AI_GPT4o_Explicit,Age=35,Conscientiousness,C,3.596,3.345,0.251,0.346,253,0.0,0.0,0.0,True,True
AI_GPT4o_NLP,Country=Romania,Emotional Stability,N,3.2,2.903,0.297,0.346,139,0.0,0.0,0.0,True,True
AI_GPT4o_Explicit,Race=North East Asian,Agreeableness,A,4.09,3.844,0.246,0.346,175,0.0,0.0,0.0,True,True
AI_GPT4o_NLP,Age=26,Emotional Stability,N,3.198,2.903,0.295,0.346,495,0.0,0.0,0.0,True,True
AI_GPT4o_Explicit,Country=Türkiye,Emotional Stability,N,3.2,2.903,0.297,0.345,63,0.0,0.0,0.0,True,True
AI_GPT4o_NLP,Race=Caucasian (Middle East),Extroversion,E,3.327,3.012,0.315,0.345,507,0.0,0.0,0.0,True,True
AI_GPT4o_Explicit,Age=46,Conscientiousness,C,3.596,3.345,0.251,0.345,144,0.0,0.0,0.0,True,True
AI_GPT4o_Order_NAG,Country=India,Agreeableness,A,4.09,3.844,0.246,0.345,89,0.0,0.0,0.0,True,True
AI_Qwen_Order_NAG,Gender=Male,Conscientiousness,C,3.095,3.345,-0.25,-0.345,376,0.0,0.0,0.0,True,True
AI_GPT4o_Explicit,Country=Hong Kong,Emotional Stability,N,3.2,2.903,0.297,0.345,39,0.0,0.0,0.0,True,True
AI_GPT4o_Explicit,Age=43,Conscientiousness,C,3.596,3.345,0.251,0.345,191,0.0,0.0,0.0,True,True
AI_GPT4o_Explicit,Race=North East Asian,Openness,O,3.697,3.911,-0.214,-0.344,175,0.0,0.0,0.0,True,True
Human,Country=Indonesia,Openness,O,3.696,3.911,-0.215,-0.344,167,0.0,0.0,0.0016,True,True
AI_GPT4o_NLP,Country=Serbia,Emotional Stability,N,3.199,2.903,0.296,0.344,103,0.0,0.0,0.0,True,True
AI_GPT4o_NLP,Country=India,Extroversion,E,3.318,3.012,0.306,0.344,1516,0.0,0.0,0.0,True,True
AI_GPT4o_NLP,Race=Native American,Conscientiousness,C,3.595,3.345,0.25,0.344,210,0.0,0.0,0.0,True,True
AI_GPT4o_Order_GAN,Gender=Male,Openness,O,3.699,3.911,-0.212,-0.343,397,0.0,0.0,0.0,True,True
AI_GPT4o_Explicit,Age=44,Conscientiousness,C,3.595,3.345,0.25,0.343,130,0.0,0.0,0.0,True,True
AI_GPT4o_NLP,Country=Denmark,Extroversion,E,3.328,3.012,0.316,0.343,118,0.0,0.0,0.0,True,True
AI_GPT4o_Explicit,Age=62,Openness,O,3.697,3.911,-0.214,-0.343,30,0.0,0.0,0.0,True,True
AI_GPT4o_Order_AGN,Age=16,Agreeableness,A,4.089,3.844,0.245,0.343,44,0.0,0.0,0.0,True,True
AI_GPT4o_Order_AGN,Age=19,Emotional Stability,N,3.198,2.903,0.295,0.343,50,0.0,0.0,0.0,True,True
AI_GPT4o_Order_AGN,Age=17,Agreeableness,A,4.088,3.844,0.244,0.342,73,0.0,0.0,0.0,True,True
AI_GPT4o_Explicit,Age=52,Conscientiousness,C,3.594,3.345,0.249,0.342,112,0.0,0.0,0.0,True,True
AI_GPT4o_Explicit,Age=64,Conscientiousness,C,3.595,3.345,0.25,0.342,38,0.0,0.0,0.0,True,True
AI_GPT4o_Order_NAG,Race=Caucasian (Indian),Openness,O,3.698,3.911,-0.213,-0.342,86,0.0,0.0,0.0,True,True
AI_GPT4o_NLP,Race=Caucasian (Indian),Agreeableness,A,4.079,3.844,0.235,0.341,1542,0.0,0.0,0.0,True,True
Human,Race=Native American,Openness,O,3.698,3.911,-0.213,-0.341,200,0.0,0.0001,0.0061,True,True
AI_GPT4o_Explicit,Age=41,Conscientiousness,C,3.593,3.345,0.248,0.341,151,0.0,0.0,0.0,True,True
AI_GPT4o_Order_AGN,Age=21,Openness,O,3.698,3.911,-0.213,-0.341,54,0.0,0.0,0.0,True,True
AI_GPT4o_NLP,Country=Japan,Emotional Stability,N,3.197,2.903,0.294,0.341,31,0.0,0.0,0.0,True,True
AI_GPT4o_Order_AGN,Age=19,Openness,O,3.698,3.911,-0.213,-0.341,50,0.0,0.0,0.0,True,True
AI_GPT4o_Order_AGN,Country=India,Agreeableness,A,4.087,3.844,0.243,0.341,89,0.0,0.0,0.0,True,True
AI_GPT4o_Order_AGN,Age_Group=50+,Conscientiousness,C,3.594,3.345,0.249,0.341,69,0.0,0.0,0.0,True,True
AI_GPT4o_Order_AGN,Age_Group=18-25,Openness,O,3.7,3.911,-0.211,-0.341,433,0.0,0.0,0.0,True,True
AI_GPT4o_Explicit,Country=Singapore,Openness,O,3.699,3.911,-0.212,-0.34,141,0.0,0.0,0.0,True,True
AI_GPT4o_Explicit,Country=Sri Lanka,Agreeableness,A,4.087,3.844,0.243,0.34,31,0.0,0.0,0.0,True,True
AI_GPT4o_NLP,Age=23,Extroversion,E,3.319,3.012,0.307,0.34,959,0.0,0.0,0.0,True,True
AI_GPT4o_NLP,Country=Japan,Agreeableness,A,4.087,3.844,0.243,0.34,31,0.0,0.0,0.0,True,True
AI_GPT4o_Order_GAN,Gender=Male,Agreeableness,A,4.085,3.844,0.241,0.34,397,0.0,0.0,0.0,True,True
AI_GPT4o_Order_AGN,Country=India,Openness,O,3.699,3.911,-0.212,-0.34,89,0.0,0.0,0.0,True,True
AI_GPT4o_NLP,Age=41,Emotional Stability,N,3.195,2.903,0.292,0.34,151,0.0,0.0,0.0,True,True
AI_GPT4o_Explicit,Age=53,Conscientiousness,C,3.593,3.345,0.248,0.34,83,0.0,0.0,0.0,True,True
AI_GPT4o_Order_AGN,Race=Caucasian (Indian),Openness,O,3.699,3.911,-0.212,-0.34,86,0.0,0.0,0.0,True,True
AI_GPT4o_NLP,Country=Singapore,Emotional Stability,N,3.194,2.903,0.291,0.339,141,0.0,0.0,0.0,True,True
AI_GPT4o_Order_AGN,Race=Caucasian (Indian),Emotional Stability,N,3.194,2.903,0.291,0.338,86,0.0,0.0,0.0,True,True
AI_GPT4o_NLP,Race=Caucasian (European),Openness,O,3.737,3.911,-0.174,-0.338,10537,0.0,0.0,0.0,True,True
AI_GPT4o_Order_AGN,Race=Caucasian (Indian),Agreeableness,A,4.085,3.844,0.241,0.338,86,0.0,0.0,0.0,True,True
AI_GPT4o_Order_NAG,Country=India,Openness,O,3.7,3.911,-0.211,-0.338,89,0.0,0.0,0.0,True,True
AI_GPT4o_Explicit,Age=64,Openness,O,3.7,3.911,-0.211,-0.338,38,0.0,0.0,0.0,True,True
AI_GPT4o_Explicit,Country=Bangladesh,Openness,O,3.7,3.911,-0.211,-0.338,41,0.0,0.0,0.0,True,True
AI_GPT4o_Order_AGN,Gender=Male,Agreeableness,A,4.083,3.844,0.239,0.338,397,0.0,0.0,0.0,True,True
AI_GPT4o_Explicit,Country=New Zealand,Openness,O,3.701,3.911,-0.21,-0.337,164,0.0,0.0,0.0,True,True
AI_GPT4o_Explicit,Country=Saudi Arabia,Agreeableness,A,4.085,3.844,0.241,0.337,53,0.0,0.0,0.0,True,True
AI_GPT4o_NLP,Age=25,Conscientiousness,C,3.587,3.345,0.242,0.337,680,0.0,0.0,0.0,True,True
AI_GPT4o_NLP,Country=Indonesia,Extroversion,E,3.322,3.012,0.31,0.337,190,0.0,0.0,0.0,True,True
AI_Qwen_Order_AGN,Age_Group=26-34,Conscientiousness,C,3.1,3.345,-0.245,-0.336,163,0.0,0.0,0.0,True,True
AI_GPT4o_NLP,Race=Caucasian (Indian),Extroversion,E,3.311,3.012,0.299,0.336,1542,0.0,0.0,0.0,True,True
AI_GPT4o_NLP,Age=22,Extroversion,E,3.315,3.012,0.303,0.336,1018,0.0,0.0,0.0,True,True
AI_GPT4o_Explicit,Race=Caucasian (Indian),Emotional Stability,N,3.182,2.903,0.279,0.336,1542,0.0,0.0,0.0,True,True
AI_GPT4o_Explicit,Country=Thailand,Openness,O,3.702,3.911,-0.209,-0.335,48,0.0,0.0,0.0,True,True
AI_GPT4o_Order_GAN,Country=India,Openness,O,3.702,3.911,-0.209,-0.335,89,0.0,0.0,0.0,True,True
AI_GPT4o_Order_AGN,Country=Australia,Openness,O,3.702,3.911,-0.209,-0.335,48,0.0,0.0,0.0,True,True
AI_GPT4o_Order_GAN,Age=15,Agreeableness,A,4.083,3.844,0.239,0.335,42,0.0,0.0,0.0,True,True
AI_GPT4o_NLP,Country=Hungary,Extroversion,E,3.321,3.012,0.309,0.335,42,0.0,0.0,0.0,True,True
AI_Qwen_NLP,Age=16,Conscientiousness,C,3.101,3.345,-0.244,-0.334,68,0.0,0.0,0.0,True,True
AI_GPT4o_NLP,Country=Italy,Conscientiousness,C,3.588,3.345,0.243,0.334,266,0.0,0.0,0.0,True,True
AI_GPT4o_Explicit,Race=Other,Openness,O,3.715,3.911,-0.196,-0.334,2628,0.0,0.0,0.0,True,True
AI_GPT4o_NLP,Country=China,Emotional Stability,N,3.191,2.903,0.288,0.334,44,0.0,0.0,0.0,True,True
Human,Age=40,Conscientiousness,C,3.589,3.345,0.244,0.334,174,0.0,0.0001,0.0105,True,True
AI_GPT4o_Explicit,Age=38,Conscientiousness,C,3.587,3.345,0.242,0.333,217,0.0,0.0,0.0,True,True
AI_GPT4o_Explicit,Race=Caucasian (Middle East),Emotional Stability,N,3.186,2.903,0.283,0.333,507,0.0,0.0,0.0,True,True
AI_GPT4o_Explicit,Country=Bangladesh,Emotional Stability,N,3.19,2.903,0.287,0.333,41,0.0,0.0,0.0,True,True
AI_GPT4o_Explicit,Age=36,Conscientiousness,C,3.587,3.345,0.242,0.333,204,0.0,0.0,0.0,True,True
AI_GPT4o_Explicit,Country=Australia,Openness,O,3.708,3.911,-0.203,-0.333,1025,0.0,0.0,0.0,True,True
AI_GPT4o_Order_NAG,Age=19,Openness,O,3.704,3.911,-0.207,-0.332,50,0.0,0.0,0.0,True,True
AI_GPT4o_Order_NAG,Race=Caucasian (Indian),Agreeableness,A,4.081,3.844,0.237,0.332,86,0.0,0.0,0.0,True,True
AI_GPT4o_NLP,Age=53,Openness,O,3.704,3.911,-0.207,-0.332,83,0.0,0.0,0.0,True,True
AI_GPT4o_NLP,Country=India,Agreeableness,A,4.073,3.844,0.229,0.332,1516,0.0,0.0,0.0,True,True
AI_GPT4o_Explicit,Age=42,Conscientiousness,C,3.586,3.345,0.241,0.331,153,0.0,0.0,0.0,True,True
AI_GPT4o_NLP,Country=Mexico,Emotional Stability,N,3.188,2.903,0.285,0.331,83,0.0,0.0,0.0,True,True
AI_GPT4o_Explicit,Country=Pakistan,Openness,O,3.705,3.911,-0.206,-0.331,209,0.0,0.0,0.0,True,True
Human,Country=Pakistan,Emotional Stability,N,2.618,2.903,-0.285,-0.331,217,0.0,0.0,0.0,True,True
AI_GPT4o_Order_GAN,Age=17,Emotional Stability,N,3.188,2.903,0.285,0.331,73,0.0,0.0,0.0,True,True
AI_GPT4o_Explicit,Age=32,Conscientiousness,C,3.585,3.345,0.24,0.331,336,0.0,0.0,0.0,True,True
AI_GPT4o_NLP,Age=24,Emotional Stability,N,3.183,2.903,0.28,0.33,676,0.0,0.0,0.0,True,True
AI_GPT4o_Explicit,Country=Mexico,Openness,O,3.705,3.911,-0.206,-0.33,83,0.0,0.0,0.0,True,True
AI_GPT4o_Explicit,Age=60,Openness,O,3.705,3.911,-0.206,-0.33,86,0.0,0.0,0.0,True,True
AI_GPT4o_Explicit,Age=49,Conscientiousness,C,3.585,3.345,0.24,0.329,140,0.0,0.0,0.0,True,True
AI_GPT4o_Explicit,Race=Caucasian (Middle East),Openness,O,3.708,3.911,-0.203,-0.329,507,0.0,0.0,0.0,True,True
AI_GPT4o_Explicit,Race=Caucasian (Indian),Openness,O,3.713,3.911,-0.198,-0.329,1542,0.0,0.0,0.0,True,True
Human,Age=14,Agreeableness,A,3.608,3.844,-0.236,-0.329,453,0.0,0.0,0.0,True,True
Human,Age_Group=<18,Conscientiousness,C,3.106,3.345,-0.239,-0.329,3850,0.0,0.0,0.0,True,True
AI_GPT4o_NLP,Age=13,Conscientiousness,C,3.106,3.345,-0.239,-0.329,261,0.0,0.0,0.0,True,True
AI_GPT4o_Order_AGN,Country=United States of America,Openness,O,3.708,3.911,-0.203,-0.328,432,0.0,0.0,0.0,True,True
AI_GPT4o_Explicit,Country=Bangladesh,Agreeableness,A,4.078,3.844,0.234,0.328,41,0.0,0.0,0.0,True,True
Human,Age=15,Agreeableness,A,3.609,3.844,-0.235,-0.328,734,0.0,0.0,0.0,True,True
AI_GPT4o_Explicit,Country=Slovenia,Openness,O,3.707,3.911,-0.204,-0.327,44,0.0,0.0,0.0,True,True
AI_GPT4o_NLP,Age=49,Openness,O,3.707,3.911,-0.204,-0.327,140,0.0,0.0,0.0,True,True
AI_GPT4o_Order_GAN,Race=Caucasian (Indian),Openness,O,3.707,3.911,-0.204,-0.327,86,0.0,0.0,0.0,True,True
Human,Race=West African,Emotional Stability,N,3.185,2.903,0.282,0.327,251,0.0,0.0,0.0005,True,True
AI_GPT4o_Explicit,Race=Caucasian (North African),Openness,O,3.709,3.911,-0.202,-0.327,443,0.0,0.0,0.0,True,True
AI_GPT4o_NLP,Country=Ireland,Extroversion,E,3.312,3.012,0.3,0.326,106,0.0,0.0,0.0,True,True
Human,Race=South East Asian,Openness,O,3.708,3.911,-0.203,-0.326,1764,0.0,0.0,0.0,True,True
Human,Country=Germany,Openness,O,4.114,3.911,0.203,0.325,188,0.0,0.0001,0.0055,True,True
AI_GPT4o_Explicit,Age=21,Openness,O,3.714,3.911,-0.197,-0.325,1235,0.0,0.0,0.0,True,True
AI_GPT4o_Explicit,Country=Saudi Arabia,Openness,O,3.709,3.911,-0.202,-0.324,53,0.0,0.0,0.0,True,True
AI_GPT4o_NLP,Country=United Arab Emirates,Conscientiousness,C,3.581,3.345,0.236,0.324,108,0.0,0.0,0.0,True,True
AI_GPT4o_Order_AGN,Age=15,Emotional Stability,N,3.181,2.903,0.278,0.323,42,0.0,0.0,0.0,True,True
Human,Age_Group=35-50,Conscientiousness,C,3.581,3.345,0.236,0.323,2618,0.0,0.0,0.0,True,True
Human,Country=India,Openness,O,3.71,3.911,-0.201,-0.322,1450,0.0,0.0,0.0,True,True
AI_GPT4o_NLP,Country=Nigeria,Emotional Stability,N,3.18,2.903,0.277,0.322,40,0.0,0.0,0.0,True,True
Human,Age=45,Extroversion,E,3.309,3.012,0.297,0.322,175,0.0,0.0002,0.0222,True,True
AI_GPT4o_Order_NAG,Age=20,Openness,O,3.71,3.911,-0.201,-0.322,78,0.0,0.0,0.0,True,True
AI_GPT4o_Explicit,Age=33,Conscientiousness,C,3.579,3.345,0.234,0.322,260,0.0,0.0,0.0,True,True
AI_GPT4o_NLP,Age=22,Emotional Stability,N,3.173,2.903,0.27,0.321,1018,0.0,0.0,0.0,True,True
AI_GPT4o_NLP,Age=28,Conscientiousness,C,3.577,3.345,0.232,0.321,466,0.0,0.0,0.0,True,True
AI_GPT4o_Explicit,Country=Pakistan,Agreeableness,A,4.072,3.844,0.228,0.321,209,0.0,0.0,0.0,True,True
AI_GPT4o_Explicit,Age=17,Emotional Stability,N,3.169,2.903,0.266,0.32,1415,0.0,0.0,0.0,True,True
AI_GPT4o_Order_NAG,Gender=Male,Openness,O,3.713,3.911,-0.198,-0.32,397,0.0,0.0,0.0,True,True
AI_GPT4o_NLP,Country=United Kingdom of Great Britain and Northern Ireland,Extroversion,E,3.297,3.012,0.285,0.32,1583,0.0,0.0,0.0,True,True
AI_GPT4o_Order_AGN,Country=United Kingdom of Great Britain and Northern Ireland,Agreeableness,A,4.072,3.844,0.228,0.32,87,0.0,0.0,0.0,True,True
AI_GPT4o_Explicit,Age_Group=<18,Emotional Stability,N,3.154,2.903,0.251,0.32,4076,0.0,0.0,0.0,True,True
AI_GPT4o_NLP,Age=49,Extroversion,E,3.306,3.012,0.294,0.32,140,0.0,0.0,0.0,True,True
AI_GPT4o_Explicit,Age=39,Conscientiousness,C,3.578,3.345,0.233,0.32,180,0.0,0.0,0.0,True,True
AI_GPT4o_Order_AGN,Age=24,Openness,O,3.712,3.911,-0.199,-0.319,34,0.0,0.0,0.0,True,True
AI_GPT4o_NLP,Age=20,Extroversion,E,3.298,3.012,0.286,0.319,1197,0.0,0.0,0.0,True,True
AI_GPT4o_NLP,Gender=Female,Conscientiousness,C,3.535,3.345,0.19,0.319,11854,0.0,0.0,0.0,True,True
AI_GPT4o_NLP,Country=Pakistan,Agreeableness,A,4.071,3.844,0.227,0.319,209,0.0,0.0,0.0,True,True
AI_GPT4o_Order_GAN,Age_Group=18-25,Openness,O,3.714,3.911,-0.197,-0.319,433,0.0,0.0,0.0,True,True
AI_GPT4o_Order_AGN,Race=Caucasian (European),Openness,O,3.715,3.911,-0.196,-0.318,543,0.0,0.0,0.0,True,True
AI_GPT4o_NLP,Country=United Kingdom of Great Britain and Northern Ireland,Emotional Stability,N,3.167,2.903,0.264,0.318,1583,0.0,0.0,0.0,True,True
AI_GPT4o_Explicit,Age=62,Conscientiousness,C,3.577,3.345,0.232,0.318,30,0.0,0.0,0.0,True,True
AI_GPT4o_Explicit,Race=Native American,Openness,O,3.714,3.911,-0.197,-0.317,210,0.0,0.0,0.0,True,True
AI_GPT4o_Explicit,Age=31,Conscientiousness,C,3.574,3.345,0.229,0.316,283,0.0,0.0,0.0,True,True
AI_GPT4o_NLP,Race=Other,Emotional Stability,N,3.159,2.903,0.256,0.316,2628,0.0,0.0,0.0,True,True
AI_GPT4o_Order_AGN,Race=Mixed Race,Openness,O,3.714,3.911,-0.197,-0.316,73,0.0,0.0,0.0,True,True
AI_GPT4o_NLP,Country=Bulgaria,Emotional Stability,N,3.174,2.903,0.271,0.315,39,0.0,0.0,0.0,True,True
AI_GPT4o_Order_GAN,Race=Other,Openness,O,3.715,3.911,-0.196,-0.315,122,0.0,0.0,0.0,True,True
AI_GPT4o_Explicit,Country=Switzerland,Conscientiousness,C,3.575,3.345,0.23,0.315,40,0.0,0.0,0.0,True,True
AI_GPT4o_Explicit,Age=30,Conscientiousness,C,3.573,3.345,0.228,0.315,393,0.0,0.0,0.0,True,True
AI_GPT4o_NLP,Country=Lithuania,Emotional Stability,N,3.174,2.903,0.271,0.315,31,0.0,0.0,0.0,True,True
AI_GPT4o_NLP,Age=54,Extroversion,E,3.302,3.012,0.29,0.315,91,0.0,0.0,0.0,True,True
AI_GPT4o_Explicit,Country=Brazil,Openness,O,3.715,3.911,-0.196,-0.315,194,0.0,0.0,0.0,True,True
AI_GPT4o_NLP,Country=United States of America,Openness,O,3.744,3.911,-0.167,-0.315,8851,0.0,0.0,0.0,True,True
AI_GPT4o_Explicit,Race=Mixed Race,Openness,O,3.721,3.911,-0.19,-0.315,1415,0.0,0.0,0.0,True,True
Human,Age=36,Conscientiousness,C,3.575,3.345,0.23,0.315,208,0.0,0.0001,0.0106,True,True
AI_GPT4o_Explicit,Age=22,Openness,O,3.72,3.911,-0.191,-0.314,1018,0.0,0.0,0.0,True,True
AI_GPT4o_NLP,Age=23,Emotional Stability,N,3.167,2.903,0.264,0.314,959,0.0,0.0,0.0,True,True
AI_GPT4o_Explicit,Country=India,Openness,O,3.722,3.911,-0.189,-0.314,1516,0.0,0.0,0.0,True,True
AI_Qwen_Order_AGN,Age_Group=35-50,Conscientiousness,C,3.117,3.345,-0.228,-0.313,127,0.0,0.0,0.0,True,True
AI_Qwen_Order_NAG,Age_Group=35-50,Conscientiousness,C,3.117,3.345,-0.228,-0.313,127,0.0,0.0,0.0,True,True
Human,Race=Caucasian (Indian),Openness,O,3.716,3.911,-0.195,-0.313,1455,0.0,0.0,0.0,True,True
AI_GPT4o_NLP,Age=47,Openness,O,3.716,3.911,-0.195,-0.313,125,0.0,0.0,0.0,True,True
AI_GPT4o_NLP,Age=21,Emotional Stability,N,3.164,2.903,0.261,0.312,1235,0.0,0.0,0.0,True,True
AI_GPT4o_NLP,Country=Nigeria,Conscientiousness,C,3.573,3.345,0.228,0.312,40,0.0,0.0,0.0001,True,True
AI_GPT4o_NLP,Country=United Arab Emirates,Emotional Stability,N,3.171,2.903,0.268,0.312,108,0.0,0.0,0.0,True,True
AI_GPT4o_Explicit,Age=34,Conscientiousness,C,3.572,3.345,0.227,0.312,234,0.0,0.0,0.0,True,True
AI_GPT4o_Order_NAG,Country=Australia,Openness,O,3.717,3.911,-0.194,-0.311,48,0.0,0.0,0.0,True,True
AI_GPT4o_Order_AGN,Age=17,Emotional Stability,N,3.171,2.903,0.268,0.311,73,0.0,0.0,0.0,True,True
AI_GPT4o_NLP,Country=Viet Nam,Emotional Stability,N,3.171,2.903,0.268,0.311,38,0.0,0.0,0.0,True,True
AI_GPT4o_Explicit,Age=59,Conscientiousness,C,3.572,3.345,0.227,0.311,36,0.0,0.0,0.0,True,True
AI_GPT4o_Explicit,Gender=Other,Openness,O,3.717,3.911,-0.194,-0.311,99,0.0,0.0,0.0,True,True
AI_Qwen_Order_AGN,Age_Group=50+,Conscientiousness,C,3.118,3.345,-0.227,-0.311,60,0.0,0.0,0.0,True,True
AI_GPT4o_Order_GAN,Country=United Kingdom of Great Britain and Northern Ireland,Openness,O,3.717,3.911,-0.194,-0.311,87,0.0,0.0,0.0,True,True
AI_GPT4o_Explicit,Country=Canada,Openness,O,3.722,3.911,-0.189,-0.31,942,0.0,0.0,0.0,True,True
AI_GPT4o_Order_AGN,Race=Other,Openness,O,3.718,3.911,-0.193,-0.31,122,0.0,0.0,0.0,True,True
AI_GPT4o_Order_GAN,Race=Mixed Race,Openness,O,3.718,3.911,-0.193,-0.309,73,0.0,0.0,0.0,True,True
AI_GPT4o_NLP,Country=Viet Nam,Extroversion,E,3.297,3.012,0.285,0.309,38,0.0,0.0,0.0,True,True
AI_GPT4o_NLP,Country=Hong Kong,Agreeableness,A,4.064,3.844,0.22,0.308,39,0.0,0.0,0.0,True,True
AI_Qwen_Order_NAG,Age_Group=50+,Conscientiousness,C,3.12,3.345,-0.225,-0.308,60,0.0,0.0,0.0,True,True
AI_GPT4o_NLP,Race=Caucasian (European),Extroversion,E,3.245,3.012,0.233,0.308,10537,0.0,0.0,0.0,True,True
Human,Age=13,Agreeableness,A,3.624,3.844,-0.22,-0.307,230,0.0001,0.0003,0.033,True,True
AI_GPT4o_NLP,Race=West African,Emotional Stability,N,3.165,2.903,0.262,0.306,275,0.0,0.0,0.0,True,True
Human,Country=Philippines,Openness,O,3.721,3.911,-0.19,-0.305,637,0.0,0.0,0.0,True,True
AI_GPT4o_Order_NAG,Age=22,Openness,O,3.721,3.911,-0.19,-0.305,66,0.0,0.0,0.0,True,True
AI_GPT4o_Order_NAG,Age_Group=26-34,Conscientiousness,C,3.567,3.345,0.222,0.305,171,0.0,0.0,0.0,True,True
AI_GPT4o_NLP,Country=Brazil,Emotional Stability,N,3.165,2.903,0.262,0.305,194,0.0,0.0,0.0,True,True
AI_GPT4o_NLP,Age=19,Extroversion,E,3.285,3.012,0.273,0.305,1253,0.0,0.0,0.0,True,True
AI_GPT4o_NLP,Age=52,Openness,O,3.721,3.911,-0.19,-0.305,112,0.0,0.0,0.0,True,True
AI_GPT4o_Explicit,Country=Japan,Extroversion,E,2.732,3.012,-0.28,-0.304,31,0.0,0.0,0.0,True,True
AI_GPT4o_Order_AGN,Age_Group=<18,Emotional Stability,N,3.163,2.903,0.26,0.303,199,0.0,0.0,0.0,True,True
AI_GPT4o_NLP,Country=Poland,Conscientiousness,C,3.566,3.345,0.221,0.303,88,0.0,0.0,0.0,True,True
AI_GPT4o_Order_GAN,Age=23,Openness,O,3.722,3.911,-0.189,-0.303,46,0.0,0.0,0.0,True,True
AI_GPT4o_Explicit,Country=Egypt,Openness,O,3.722,3.911,-0.189,-0.303,50,0.0,0.0,0.0,True,True
AI_GPT4o_Explicit,Age=16,Emotional Stability,N,3.157,2.903,0.254,0.303,1127,0.0,0.0,0.0,True,True
AI_GPT4o_Order_NAG,Race=Other,Openness,O,3.722,3.911,-0.189,-0.303,122,0.0,0.0,0.0,True,True
AI_GPT4o_NLP,Age=56,Extroversion,E,3.291,3.012,0.279,0.303,79,0.0,0.0,0.0,True,True
AI_GPT4o_NLP,Country=Türkiye,Emotional Stability,N,3.163,2.903,0.26,0.302,63,0.0,0.0,0.0,True,True
AI_GPT4o_Order_GAN,Country=United States of America,Openness,O,3.724,3.911,-0.187,-0.302,432,0.0,0.0,0.0,True,True
AI_GPT4o_Order_NAG,Age_Group=18-25,Openness,O,3.725,3.911,-0.186,-0.301,433,0.0,0.0,0.0,True,True
AI_GPT4o_Explicit,Age=37,Conscientiousness,C,3.564,3.345,0.219,0.301,194,0.0,0.0,0.0,True,True
AI_GPT4o_Order_AGN,Age=23,Openness,O,3.724,3.911,-0.187,-0.3,46,0.0,0.0,0.0,True,True
AI_GPT4o_NLP,Country=Sri Lanka,Emotional Stability,N,3.161,2.903,0.258,0.3,31,0.0,0.0,0.0,True,True
AI_GPT4o_Explicit,Country=Hungary,Openness,O,3.724,3.911,-0.187,-0.3,42,0.0,0.0,0.0,True,True
AI_GPT4o_NLP,Country=Bulgaria,Conscientiousness,C,3.564,3.345,0.219,0.3,39,0.0,0.0,0.0,True,True
AI_GPT4o_Explicit,Age_Group=26-34,Conscientiousness,C,3.548,3.345,0.203,0.3,3308,0.0,0.0,0.0,True,True
AI_GPT4o_Explicit,Country=United Arab Emirates,Openness,O,3.724,3.911,-0.187,-0.3,108,0.0,0.0,0.0,True,True
AI_GPT4o_NLP,Age=48,Extroversion,E,3.288,3.012,0.276,0.3,140,0.0,0.0,0.0,True,True
AI_GPT4o_Order_AGN,Age=25,Openness,O,3.724,3.911,-0.187,-0.299,37,0.0,0.0,0.0,True,True
AI_GPT4o_NLP,Country=New Zealand,Conscientiousness,C,3.563,3.345,0.218,0.299,164,0.0,0.0,0.0,True,True
AI_GPT4o_NLP,Country=Canada,Extroversion,E,3.282,3.012,0.27,0.299,942,0.0,0.0,0.0,True,True
AI_GPT4o_Order_NAG,Age=17,Openness,O,3.725,3.911,-0.186,-0.298,73,0.0,0.0,0.0,True,True
AI_GPT4o_Order_GAN,Country=Australia,Openness,O,3.725,3.911,-0.186,-0.298,48,0.0,0.0,0.0,True,True
AI_GPT4o_NLP,Race=North East Asian,Agreeableness,A,4.056,3.844,0.212,0.298,175,0.0,0.0,0.0,True,True
AI_GPT4o_NLP,Age=15,Openness,O,3.729,3.911,-0.182,-0.297,798,0.0,0.0,0.0,True,True
AI_GPT4o_Explicit,Country=Ireland,Openness,O,3.726,3.911,-0.185,-0.297,106,0.0,0.0,0.0,True,True
AI_GPT4o_NLP,Country=Croatia,Extroversion,E,3.286,3.012,0.274,0.297,43,0.0,0.0,0.0,True,True
AI_GPT4o_NLP,Age=19,Emotional Stability,N,3.151,2.903,0.248,0.297,1253,0.0,0.0,0.0,True,True
AI_GPT4o_Order_GAN,Age=24,Openness,O,3.726,3.911,-0.185,-0.296,34,0.0,0.0,0.0,True,True
AI_GPT4o_NLP,Age=45,Extroversion,E,3.284,3.012,0.272,0.296,174,0.0,0.0,0.0,True,True
AI_GPT4o_Order_NAG,Age=23,Openness,O,3.726,3.911,-0.185,-0.296,46,0.0,0.0,0.0,True,True
AI_GPT4o_Order_GAN,Age_Group=<18,Emotional Stability,N,3.157,2.903,0.254,0.296,199,0.0,0.0,0.0,True,True
AI_GPT4o_NLP,Age=46,Extroversion,E,3.283,3.012,0.271,0.295,144,0.0,0.0,0.0,True,True
AI_GPT4o_NLP,Country=Malaysia,Emotional Stability,N,3.156,2.903,0.253,0.295,267,0.0,0.0,0.0,True,True
Human,Race=Other,Openness,O,3.726,3.911,-0.185,-0.295,2478,0.0,0.0,0.0,True,True
AI_GPT4o_Explicit,Age=15,Emotional Stability,N,3.151,2.903,0.248,0.294,798,0.0,0.0,0.0,True,True
AI_GPT4o_Order_AGN,Gender=Female,Openness,O,3.73,3.911,-0.181,-0.294,599,0.0,0.0,0.0,True,True
AI_GPT4o_NLP,Country=Canada,Conscientiousness,C,3.555,3.345,0.21,0.294,942,0.0,0.0,0.0,True,True
Human,Age=14,Emotional Stability,N,2.651,2.903,-0.252,-0.293,453,0.0,0.0,0.0,True,True
AI_GPT4o_Explicit,Age=23,Openness,O,3.732,3.911,-0.179,-0.293,959,0.0,0.0,0.0,True,True
AI_GPT4o_Explicit,Age=56,Openness,O,3.728,3.911,-0.183,-0.293,79,0.0,0.0,0.0,True,True
AI_GPT4o_NLP,Age=27,Conscientiousness,C,3.557,3.345,0.212,0.293,473,0.0,0.0,0.0,True,True
AI_GPT4o_Order_GAN,Age=21,Openness,O,3.728,3.911,-0.183,-0.293,54,0.0,0.0,0.0,True,True
AI_GPT4o_NLP,Country=Philippines,Emotional Stability,N,3.151,2.903,0.248,0.293,660,0.0,0.0,0.0,True,True
AI_GPT4o_Order_AGN,Age=22,Openness,O,3.729,3.911,-0.182,-0.292,66,0.0,0.0,0.0,True,True
Human,Age=37,Conscientiousness,C,3.558,3.345,0.213,0.292,190,0.0,0.0002,0.0177,True,True
AI_GPT4o_NLP,Age=16,Openness,O,3.733,3.911,-0.178,-0.292,1127,0.0,0.0,0.0,True,True
AI_GPT4o_Explicit,Age_Group=50+,Openness,O,3.735,3.911,-0.176,-0.289,1108,0.0,0.0,0.0,True,True
AI_GPT4o_Order_GAN,Race=Caucasian (European),Openness,O,3.733,3.911,-0.178,-0.289,543,0.0,0.0,0.0,True,True
AI_GPT4o_NLP,Country=Bangladesh,Extroversion,E,3.278,3.012,0.266,0.288,41,0.0,0.0,0.0,True,True
AI_GPT4o_Explicit,Country=Argentina,Openness,O,3.731,3.911,-0.18,-0.288,45,0.0,0.0,0.0,True,True
AI_GPT4o_Explicit,Age=58,Openness,O,3.731,3.911,-0.18,-0.288,58,0.0,0.0,0.0,True,True
Human,Country=Brazil,Emotional Stability,N,2.655,2.903,-0.248,-0.288,174,0.0001,0.0004,0.0447,True,True
AI_GPT4o_Explicit,Country=China,Openness,O,3.732,3.911,-0.179,-0.287,44,0.0,0.0,0.0,True,True
AI_GPT4o_Explicit,Country=France,Openness,O,3.732,3.911,-0.179,-0.287,129,0.0,0.0,0.0,True,True
AI_GPT4o_Order_GAN,Age=16,Emotional Stability,N,3.15,2.903,0.247,0.287,44,0.0,0.0,0.0,True,True
AI_GPT4o_Order_NAG,Age=18,Openness,O,3.732,3.911,-0.179,-0.287,68,0.0,0.0,0.0,True,True
AI_GPT4o_NLP,Age=46,Openness,O,3.733,3.911,-0.178,-0.286,144,0.0,0.0,0.0,True,True
AI_GPT4o_Explicit,"Country=Netherlands, Kingdom of the",Openness,O,3.733,3.911,-0.178,-0.286,142,0.0,0.0,0.0,True,True
AI_GPT4o_NLP,Age=14,Openness,O,3.734,3.911,-0.177,-0.286,475,0.0,0.0,0.0,True,True
AI_GPT4o_Explicit,Country=Serbia,Conscientiousness,C,3.553,3.345,0.208,0.285,103,0.0,0.0,0.0,True,True
AI_GPT4o_NLP,Country=Croatia,Conscientiousness,C,3.553,3.345,0.208,0.285,43,0.0,0.0,0.0,True,True
AI_GPT4o_NLP,Country=Saudi Arabia,Agreeableness,A,4.047,3.844,0.203,0.284,53,0.0,0.0,0.0,True,True
AI_GPT4o_NLP,Age_Group=<18,Agreeableness,A,4.03,3.844,0.186,0.284,4076,0.0,0.0,0.0,True,True
AI_GPT4o_NLP,Race=Caucasian (European),Conscientiousness,C,3.518,3.345,0.173,0.284,10537,0.0,0.0,0.0,True,True
AI_GPT4o_Order_GAN,Gender=Female,Openness,O,3.736,3.911,-0.175,-0.284,599,0.0,0.0,0.0,True,True
AI_GPT4o_NLP,Country=United States of America,Extroversion,E,3.233,3.012,0.221,0.284,8851,0.0,0.0,0.0,True,True
AI_GPT4o_NLP,Country=Saudi Arabia,Emotional Stability,N,3.147,2.903,0.244,0.283,53,0.0,0.0,0.0,True,True
AI_GPT4o_Explicit,"Country=Netherlands, Kingdom of the",Conscientiousness,C,3.551,3.345,0.206,0.283,142,0.0,0.0,0.0,True,True
AI_GPT4o_Explicit,Country=Romania,Openness,O,3.735,3.911,-0.176,-0.283,139,0.0,0.0,0.0,True,True
AI_GPT4o_Order_AGN,Country=Canada,Openness,O,3.735,3.911,-0.176,-0.282,51,0.0,0.0,0.0,True,True
AI_GPT4o_NLP,Country=Philippines,Conscientiousness,C,3.548,3.345,0.203,0.282,660,0.0,0.0,0.0,True,True
AI_GPT4o_Order_AGN,Age_Group=50+,Openness,O,3.735,3.911,-0.176,-0.282,69,0.0,0.0,0.0,True,True
AI_GPT4o_NLP,Country=Saudi Arabia,Extroversion,E,3.272,3.012,0.26,0.282,53,0.0,0.0,0.0,True,True
AI_GPT4o_NLP,Country=Hong Kong,Emotional Stability,N,3.146,2.903,0.243,0.282,39,0.0,0.0,0.0,True,True
AI_GPT4o_NLP,Country=Lithuania,Extroversion,E,3.271,3.012,0.259,0.281,31,0.0,0.0,0.0,True,True
AI_GPT4o_NLP,Country=Japan,Extroversion,E,3.271,3.012,0.259,0.281,31,0.0,0.0,0.0019,True,True
AI_Qwen_NLP,Race=Mixed Race,Extroversion,E,3.27,3.012,0.258,0.28,102,0.0,0.0,0.0,True,True
AI_GPT4o_Explicit,Race=West African,Openness,O,3.737,3.911,-0.174,-0.28,275,0.0,0.0,0.0,True,True
AI_GPT4o_NLP,Country=Saudi Arabia,Conscientiousness,C,3.549,3.345,0.204,0.279,53,0.0,0.0,0.0007,True,True
AI_GPT4o_Order_NAG,Country=United Kingdom of Great Britain and Northern Ireland,Openness,O,3.737,3.911,-0.174,-0.279,87,0.0,0.0,0.0,True,True
AI_GPT4o_Order_GAN,Country=Canada,Openness,O,3.737,3.911,-0.174,-0.279,51,0.0,0.0,0.0,True,True
AI_GPT4o_Explicit,Country=Kenya,Openness,O,3.737,3.911,-0.174,-0.279,46,0.0,0.0,0.0,True,True
AI_GPT4o_Order_AGN,Age_Group=26-34,Conscientiousness,C,3.547,3.345,0.202,0.278,171,0.0,0.0,0.0,True,True
AI_GPT4o_Order_NAG,Age=24,Openness,O,3.738,3.911,-0.173,-0.277,34,0.0,0.0,0.0,True,True
AI_GPT4o_NLP,Country=Viet Nam,Conscientiousness,C,3.547,3.345,0.202,0.277,38,0.0,0.0,0.0071,True,True
AI_GPT4o_NLP,Country=Indonesia,Emotional Stability,N,3.141,2.903,0.238,0.277,190,0.0,0.0,0.0,True,True
AI_GPT4o_Explicit,Country=Portugal,Openness,O,3.739,3.911,-0.172,-0.276,90,0.0,0.0,0.0,True,True
AI_GPT4o_Explicit,Country=Germany,Conscientiousness,C,3.546,3.345,0.201,0.276,185,0.0,0.0,0.0,True,True
AI_GPT4o_Explicit,Country=Poland,Openness,O,3.739,3.911,-0.172,-0.276,88,0.0,0.0,0.0,True,True
AI_GPT4o_NLP,Age=17,Emotional Stability,N,3.132,2.903,0.229,0.275,1415,0.0,0.0,0.0,True,True
AI_GPT4o_Explicit,Country=Sri Lanka,Openness,O,3.739,3.911,-0.172,-0.275,31,0.0,0.0,0.0,True,True
Human,Age=39,Openness,O,4.082,3.911,0.171,0.274,159,0.0001,0.0003,0.0364,True,True
AI_GPT4o_NLP,Race=Caucasian (North African),Emotional Stability,N,3.137,2.903,0.234,0.274,443,0.0,0.0,0.0,True,True
AI_GPT4o_Explicit,Country=Croatia,Openness,O,3.74,3.911,-0.171,-0.274,43,0.0,0.0,0.0,True,True
AI_GPT4o_Explicit,Country=Türkiye,Openness,O,3.74,3.911,-0.171,-0.274,63,0.0,0.0,0.0,True,True
AI_GPT4o_Explicit,Age=65,Extroversion,E,2.759,3.012,-0.253,-0.274,32,0.0,0.0,0.0,True,True
AI_GPT4o_Explicit,Country=Spain,Openness,O,3.74,3.911,-0.171,-0.274,97,0.0,0.0,0.0,True,True
AI_GPT4o_Order_GAN,Age=15,Emotional Stability,N,3.138,2.903,0.235,0.273,42,0.0,0.0,0.0,True,True
AI_GPT4o_Explicit,Age=28,Conscientiousness,C,3.542,3.345,0.197,0.273,466,0.0,0.0,0.0,True,True
AI_GPT4o_NLP,Country=Romania,Conscientiousness,C,3.544,3.345,0.199,0.273,139,0.0,0.0,0.0,True,True
AI_GPT4o_NLP,Age_Group=<18,Openness,O,3.755,3.911,-0.156,-0.273,4076,0.0,0.0,0.0,True,True
Human,Country=Indonesia,Agreeableness,A,3.649,3.844,-0.195,-0.273,167,0.0,0.0002,0.0173,True,True
AI_GPT4o_Order_NAG,Race=Mixed Race,Openness,O,3.741,3.911,-0.17,-0.273,73,0.0,0.0,0.0,True,True
AI_GPT4o_Order_NAG,Age=21,Openness,O,3.741,3.911,-0.17,-0.272,54,0.0,0.0,0.0,True,True
AI_GPT4o_Order_GAN,Age=22,Openness,O,3.741,3.911,-0.17,-0.272,66,0.0,0.0,0.0,True,True
AI_GPT4o_Order_NAG,Age=25,Openness,O,3.741,3.911,-0.17,-0.272,37,0.0,0.0,0.0,True,True
AI_GPT4o_Explicit,Country=Greece,Openness,O,3.742,3.911,-0.169,-0.271,90,0.0,0.0,0.0,True,True
AI_GPT4o_NLP,Race=South East Asian,Emotional Stability,N,3.126,2.903,0.223,0.271,1882,0.0,0.0,0.0,True,True
AI_GPT4o_Explicit,Age=24,Openness,O,3.745,3.911,-0.166,-0.27,676,0.0,0.0,0.0,True,True
AI_GPT4o_NLP,Age=26,Conscientiousness,C,3.54,3.345,0.195,0.27,495,0.0,0.0,0.0,True,True
AI_GPT4o_Explicit,Age=25,Openness,O,3.746,3.911,-0.165,-0.269,680,0.0,0.0,0.0,True,True
AI_GPT4o_Order_NAG,Country=Canada,Openness,O,3.743,3.911,-0.168,-0.269,51,0.0,0.0,0.0,True,True
AI_GPT4o_NLP,Country=Pakistan,Extroversion,E,3.259,3.012,0.247,0.269,209,0.0,0.0,0.0,True,True
AI_GPT4o_Order_AGN,Age=16,Emotional Stability,N,3.134,2.903,0.231,0.268,44,0.0,0.0,0.0,True,True
AI_GPT4o_Order_NAG,Age=25,Conscientiousness,C,3.541,3.345,0.196,0.268,37,0.0,0.0,0.0,True,True
Human,Age=15,Emotional Stability,N,2.674,2.903,-0.229,-0.266,734,0.0,0.0,0.0,True,True
AI_GPT4o_NLP,Country=India,Emotional Stability,N,3.124,2.903,0.221,0.266,1516,0.0,0.0,0.0,True,True
AI_GPT4o_Explicit,Country=Lithuania,Openness,O,3.745,3.911,-0.166,-0.266,31,0.0,0.0,0.0,True,True
AI_GPT4o_Order_NAG,Gender=Female,Openness,O,3.748,3.911,-0.163,-0.265,599,0.0,0.0,0.0,True,True
AI_GPT4o_Explicit,Country=Serbia,Openness,O,3.746,3.911,-0.165,-0.265,103,0.0,0.0,0.0,True,True
AI_GPT4o_Explicit,Age=26,Openness,O,3.748,3.911,-0.163,-0.264,495,0.0,0.0,0.0,True,True
Human,Gender=Male,Agreeableness,A,3.654,3.844,-0.19,-0.264,7367,0.0,0.0,0.0,True,True
AI_GPT4o_Explicit,Country=Norway,Conscientiousness,C,3.537,3.345,0.192,0.263,127,0.0,0.0,0.0,True,True
AI_GPT4o_Order_NAG,Race=Caucasian (European),Openness,O,3.749,3.911,-0.162,-0.263,543,0.0,0.0,0.0,True,True
AI_Qwen_NLP,Country=India,Extroversion,E,3.253,3.012,0.241,0.262,83,0.0,0.0,0.0,True,True
AI_GPT4o_Explicit,Country=South Africa,Openness,O,3.748,3.911,-0.163,-0.262,180,0.0,0.0,0.0,True,True
AI_Qwen_NLP,Race=South East Asian,Extroversion,E,3.253,3.012,0.241,0.262,131,0.0,0.0,0.0,True,True
AI_GPT4o_NLP,Race=West African,Conscientiousness,C,3.535,3.345,0.19,0.262,275,0.0,0.0,0.0,True,True
AI_GPT4o_Order_NAG,Country=United States of America,Openness,O,3.749,3.911,-0.162,-0.262,432,0.0,0.0,0.0,True,True
AI_GPT4o_Order_GAN,Age_Group=50+,Openness,O,3.748,3.911,-0.163,-0.261,69,0.0,0.0,0.0,True,True
AI_Qwen_NLP,Country=Philippines,Extroversion,E,3.253,3.012,0.241,0.261,36,0.0,0.0,0.0,True,True
AI_GPT4o_Explicit,Age=64,Extroversion,E,2.771,3.012,-0.241,-0.261,38,0.0,0.0,0.0,True,True
AI_GPT4o_Explicit,Age=13,Emotional Stability,N,3.126,2.903,0.223,0.26,261,0.0,0.0,0.0,True,True
AI_GPT4o_NLP,Age=21,Extroversion,E,3.246,3.012,0.234,0.26,1235,0.0,0.0,0.0,True,True
AI_GPT4o_Explicit,Country=Nigeria,Conscientiousness,C,3.535,3.345,0.19,0.26,40,0.0,0.0,0.0,True,True
AI_Qwen_NLP,Age=22,Extroversion,E,3.252,3.012,0.24,0.26,56,0.0,0.0,0.0,True,True
AI_GPT4o_Explicit,Age_Group=26-34,Openness,O,3.761,3.911,-0.15,-0.26,3308,0.0,0.0,0.0,True,True
AI_GPT4o_Explicit,Country=Thailand,Conscientiousness,C,3.535,3.345,0.19,0.26,48,0.0,0.0,0.0,True,True
AI_GPT4o_Explicit,Country=Denmark,Conscientiousness,C,3.534,3.345,0.189,0.259,118,0.0,0.0,0.0,True,True
AI_GPT4o_Explicit,Country=China,Conscientiousness,C,3.534,3.345,0.189,0.259,44,0.0,0.0,0.0,True,True
AI_GPT4o_NLP,Age=21,Conscientiousness,C,3.528,3.345,0.183,0.258,1235,0.0,0.0,0.0,True,True
AI_GPT4o_Explicit,Age=14,Emotional Stability,N,3.123,2.903,0.22,0.258,475,0.0,0.0,0.0,True,True
AI_GPT4o_Explicit,Country=Finland,Extroversion,E,2.775,3.012,-0.237,-0.257,102,0.0,0.0,0.0,True,True
AI_GPT4o_NLP,Country=Greece,Conscientiousness,C,3.532,3.345,0.187,0.256,90,0.0,0.0,0.0,True,True
AI_GPT4o_NLP,Country=Hong Kong,Openness,O,3.751,3.911,-0.16,-0.256,39,0.0,0.0,0.0,True,True
AI_GPT4o_NLP,Age=64,Extroversion,E,3.247,3.012,0.235,0.255,38,0.0,0.0,0.0003,True,True
AI_Qwen_NLP,Age=15,Conscientiousness,C,3.159,3.345,-0.186,-0.255,46,0.0,0.0,0.0005,True,True
AI_GPT4o_NLP,Age=41,Openness,O,3.752,3.911,-0.159,-0.255,151,0.0,0.0,0.0,True,True
AI_GPT4o_Explicit,Age=50,Openness,O,3.753,3.911,-0.158,-0.254,131,0.0,0.0,0.0,True,True
AI_Qwen_NLP,Race=Other,Extroversion,E,3.245,3.012,0.233,0.254,168,0.0,0.0,0.0,True,True
AI_GPT4o_NLP,Age_Group=50+,Extroversion,E,3.24,3.012,0.228,0.254,1108,0.0,0.0,0.0,True,True
AI_GPT4o_NLP,Age=16,Conscientiousness,C,3.164,3.345,-0.181,-0.254,1127,0.0,0.0,0.0,True,True
AI_GPT4o_Explicit,Age=29,Conscientiousness,C,3.529,3.345,0.184,0.254,368,0.0,0.0,0.0,True,True
AI_Qwen_NLP,Race=Caucasian (Indian),Extroversion,E,3.246,3.012,0.234,0.254,82,0.0,0.0,0.0,True,True
AI_GPT4o_Explicit,Country=Finland,Openness,O,3.753,3.911,-0.158,-0.253,102,0.0,0.0,0.0,True,True
AI_GPT4o_Order_GAN,Age=25,Conscientiousness,C,3.53,3.345,0.185,0.253,37,0.0,0.0,0.0,True,True
AI_GPT4o_Explicit,Age=57,Openness,O,3.753,3.911,-0.158,-0.253,70,0.0,0.0,0.0,True,True
AI_GPT4o_NLP,Race=Caucasian (Indian),Emotional Stability,N,3.113,2.903,0.21,0.253,1542,0.0,0.0,0.0,True,True
AI_GPT4o_NLP,Age=60,Extroversion,E,3.245,3.012,0.233,0.253,86,0.0,0.0,0.0,True,True
AI_GPT4o_Explicit,Age=53,Openness,O,3.753,3.911,-0.158,-0.253,83,0.0,0.0,0.0,True,True
AI_GPT4o_NLP,Age=24,Conscientiousness,C,3.527,3.345,0.182,0.253,676,0.0,0.0,0.0,True,True
AI_GPT4o_Explicit,Country=Belgium,Openness,O,3.754,3.911,-0.157,-0.252,87,0.0,0.0,0.0,True,True
AI_GPT4o_NLP,Country=Serbia,Conscientiousness,C,3.529,3.345,0.184,0.252,103,0.0,0.0,0.0,True,True
AI_Qwen_NLP,Age_Group=<18,Conscientiousness,C,3.162,3.345,-0.183,-0.252,232,0.0,0.0,0.0,True,True
AI_GPT4o_Explicit,Age=27,Openness,O,3.756,3.911,-0.155,-0.251,473,0.0,0.0,0.0,True,True
AI_GPT4o_Explicit,Age=52,Openness,O,3.755,3.911,-0.156,-0.25,112,0.0,0.0,0.0,True,True
AI_GPT4o_Explicit,Country=Japan,Openness,O,3.755,3.911,-0.156,-0.25,31,0.0,0.0,0.0,True,True
AI_GPT4o_Explicit,Country=Lebanon,Openness,O,3.755,3.911,-0.156,-0.25,44,0.0,0.0,0.0,True,True
AI_GPT4o_Explicit,Age=54,Openness,O,3.756,3.911,-0.155,-0.249,91,0.0,0.0,0.0,True,True
AI_GPT4o_Explicit,Country=Saudi Arabia,Conscientiousness,C,3.526,3.345,0.181,0.248,53,0.0,0.0,0.0,True,True
AI_GPT4o_Explicit,Country=Viet Nam,Conscientiousness,C,3.526,3.345,0.181,0.248,38,0.0,0.0,0.0,True,True
AI_GPT4o_NLP,Age=47,Extroversion,E,3.239,3.012,0.227,0.247,125,0.0,0.0,0.0,True,True
AI_GPT4o_Explicit,Country=United Arab Emirates,Conscientiousness,C,3.525,3.345,0.18,0.247,108,0.0,0.0,0.0,True,True
AI_GPT4o_NLP,Age=40,Openness,O,3.758,3.911,-0.153,-0.246,160,0.0,0.0,0.0,True,True
AI_GPT4o_Order_NAG,Age_Group=26-34,Openness,O,3.758,3.911,-0.153,-0.246,171,0.0,0.0,0.0,True,True
AI_GPT4o_Explicit,Country=Jamaica,Extroversion,E,3.239,3.012,0.227,0.246,33,0.0,0.0,0.0001,True,True
AI_GPT4o_Explicit,Age=47,Openness,O,3.758,3.911,-0.153,-0.246,125,0.0,0.0,0.0,True,True
AI_Qwen_NLP,Age=23,Extroversion,E,3.238,3.012,0.226,0.245,63,0.0,0.0,0.0,True,True
AI_GPT4o_Explicit,Country=Nigeria,Extroversion,E,3.238,3.012,0.226,0.245,40,0.0,0.0,0.0,True,True
AI_GPT4o_NLP,Age=13,Openness,O,3.759,3.911,-0.152,-0.245,261,0.0,0.0,0.0,True,True
AI_GPT4o_NLP,Race=Mixed Race,Emotional Stability,N,3.107,2.903,0.204,0.245,1415,0.0,0.0,0.0,True,True
AI_GPT4o_NLP,Age=42,Openness,O,3.759,3.911,-0.152,-0.244,153,0.0,0.0,0.0,True,True
AI_GPT4o_NLP,Country=Lithuania,Conscientiousness,C,3.523,3.345,0.178,0.244,31,0.0001,0.0001,0.035,True,True
AI_GPT4o_Explicit,Age=32,Openness,O,3.76,3.911,-0.151,-0.244,336,0.0,0.0,0.0,True,True
AI_GPT4o_NLP,Age=15,Agreeableness,A,4.015,3.844,0.171,0.244,798,0.0,0.0,0.0,True,True
AI_GPT4o_Explicit,Country=Germany,Openness,O,3.76,3.911,-0.151,-0.243,185,0.0,0.0,0.0,True,True
AI_GPT4o_Explicit,Country=Sweden,Conscientiousness,C,3.522,3.345,0.177,0.243,148,0.0,0.0,0.0,True,True
AI_GPT4o_Order_AGN,Age_Group=26-34,Openness,O,3.76,3.911,-0.151,-0.243,171,0.0,0.0,0.0,True,True
AI_GPT4o_Explicit,Country=Bulgaria,Openness,O,3.759,3.911,-0.152,-0.243,39,0.0,0.0,0.0,True,True
AI_GPT4o_NLP,Age=18,Openness,O,3.765,3.911,-0.146,-0.242,1523,0.0,0.0,0.0,True,True
Human,Age=32,Conscientiousness,C,3.522,3.345,0.177,0.242,319,0.0,0.0001,0.006,True,True
AI_GPT4o_Explicit,Age=27,Conscientiousness,C,3.52,3.345,0.175,0.242,473,0.0,0.0,0.0,True,True
AI_GPT4o_NLP,Age=20,Openness,O,3.764,3.911,-0.147,-0.242,1197,0.0,0.0,0.0,True,True
AI_GPT4o_NLP,Age=48,Openness,O,3.76,3.911,-0.151,-0.242,140,0.0,0.0,0.0,True,True
AI_GPT4o_Explicit,Age=38,Openness,O,3.761,3.911,-0.15,-0.241,217,0.0,0.0,0.0,True,True
AI_GPT4o_Explicit,Age=28,Openness,O,3.762,3.911,-0.149,-0.241,466,0.0,0.0,0.0,True,True
AI_GPT4o_Explicit,Age=29,Openness,O,3.762,3.911,-0.149,-0.241,368,0.0,0.0,0.0,True,True
AI_GPT4o_Explicit,Age=25,Conscientiousness,C,3.518,3.345,0.173,0.241,680,0.0,0.0,0.0,True,True
AI_GPT4o_Explicit,Country=Belgium,Conscientiousness,C,3.521,3.345,0.176,0.241,87,0.0,0.0,0.0,True,True
AI_GPT4o_Explicit,Country=Italy,Conscientiousness,C,3.519,3.345,0.174,0.24,266,0.0,0.0,0.0,True,True
AI_GPT4o_Explicit,Age=59,Openness,O,3.761,3.911,-0.15,-0.24,36,0.0,0.0,0.0,True,True
AI_Qwen_NLP,Age_Group=26-34,Extroversion,E,3.232,3.012,0.22,0.24,211,0.0,0.0,0.0,True,True
AI_GPT4o_NLP,Country=Singapore,Conscientiousness,C,3.52,3.345,0.175,0.24,141,0.0,0.0,0.0,True,True
Human,Age=17,Conscientiousness,C,3.17,3.345,-0.175,-0.24,1325,0.0,0.0,0.0,True,True
AI_GPT4o_Explicit,Age=51,Openness,O,3.762,3.911,-0.149,-0.239,104,0.0,0.0,0.0,True,True
AI_GPT4o_Order_GAN,Age=25,Openness,O,3.762,3.911,-0.149,-0.239,37,0.0,0.0,0.0,True,True
AI_GPT4o_Explicit,Age_Group=35-50,Openness,O,3.771,3.911,-0.14,-0.239,2687,0.0,0.0,0.0,True,True
Human,Age=15,Extroversion,E,2.792,3.012,-0.22,-0.238,734,0.0,0.0,0.0,True,True
AI_GPT4o_Explicit,Age=43,Openness,O,3.763,3.911,-0.148,-0.238,191,0.0,0.0,0.0,True,True
Human,Age=16,Agreeableness,A,3.673,3.844,-0.171,-0.238,1108,0.0,0.0,0.0,True,True
AI_GPT4o_NLP,Age=55,Extroversion,E,3.231,3.012,0.219,0.238,118,0.0,0.0,0.0,True,True
AI_GPT4o_Order_NAG,Age=24,Conscientiousness,C,3.518,3.345,0.173,0.237,34,0.0,0.0,0.0,True,True
AI_GPT4o_NLP,Country=Türkiye,Conscientiousness,C,3.517,3.345,0.172,0.236,63,0.0,0.0,0.0,True,True
AI_GPT4o_Order_NAG,Age=23,Conscientiousness,C,3.517,3.345,0.172,0.236,46,0.0,0.0,0.0,True,True
AI_GPT4o_Explicit,Age=30,Openness,O,3.765,3.911,-0.146,-0.236,393,0.0,0.0,0.0,True,True
AI_GPT4o_Order_NAG,Race=Caucasian (European),Conscientiousness,C,3.515,3.345,0.17,0.236,543,0.0,0.0,0.0,True,True
AI_GPT4o_Explicit,Country=Denmark,Openness,O,3.764,3.911,-0.147,-0.236,118,0.0,0.0,0.0,True,True
Human,Age_Group=<18,Agreeableness,A,3.674,3.844,-0.17,-0.235,3850,0.0,0.0,0.0,True,True
AI_GPT4o_NLP,Country=Malaysia,Conscientiousness,C,3.516,3.345,0.171,0.235,267,0.0,0.0,0.0,True,True
AI_GPT4o_Explicit,Country=Nigeria,Openness,O,3.765,3.911,-0.146,-0.234,40,0.0,0.0,0.0,True,True
AI_GPT4o_Explicit,Country=Sri Lanka,Conscientiousness,C,3.516,3.345,0.171,0.234,31,0.0,0.0,0.0,True,True
AI_GPT4o_Explicit,Age=33,Openness,O,3.766,3.911,-0.145,-0.234,260,0.0,0.0,0.0,True,True
AI_GPT4o_Explicit,Age=36,Openness,O,3.767,3.911,-0.144,-0.232,204,0.0,0.0,0.0,True,True
AI_GPT4o_Explicit,Country=Italy,Openness,O,3.767,3.911,-0.144,-0.232,266,0.0,0.0,0.0,True,True
AI_GPT4o_NLP,Country=Portugal,Conscientiousness,C,3.514,3.345,0.169,0.232,90,0.0,0.0,0.0,True,True
AI_GPT4o_NLP,Country=Lebanon,Conscientiousness,C,3.514,3.345,0.169,0.231,44,0.0,0.0,0.0001,True,True
AI_GPT4o_NLP,Country=Switzerland,Openness,O,3.767,3.911,-0.144,-0.231,40,0.0,0.0,0.0,True,True
AI_GPT4o_NLP,Age=18,Extroversion,E,3.218,3.012,0.206,0.231,1523,0.0,0.0,0.0,True,True
AI_GPT4o_NLP,Race=North East Asian,Emotional Stability,N,3.101,2.903,0.198,0.231,175,0.0,0.0,0.0,True,True
AI_GPT4o_NLP,Age=14,Agreeableness,A,4.007,3.844,0.163,0.231,475,0.0,0.0,0.0,True,True
AI_GPT4o_NLP,Age_Group=35-50,Openness,O,3.775,3.911,-0.136,-0.231,2687,0.0,0.0,0.0,True,True
AI_GPT4o_NLP,Country=Norway,Extroversion,E,3.224,3.012,0.212,0.23,127,0.0,0.0,0.0,True,True
AI_GPT4o_Order_NAG,Country=United Kingdom of Great Britain and Northern Ireland,Conscientiousness,C,3.513,3.345,0.168,0.23,87,0.0,0.0,0.0,True,True
AI_GPT4o_Explicit,Age=34,Openness,O,3.768,3.911,-0.143,-0.23,234,0.0,0.0,0.0,True,True
AI_GPT4o_Explicit,Age=44,Openness,O,3.768,3.911,-0.143,-0.23,130,0.0,0.0,0.0,True,True
AI_GPT4o_NLP,Country=Argentina,Emotional Stability,N,3.1,2.903,0.197,0.229,45,0.0,0.0,0.0,True,True
AI_GPT4o_Explicit,Age=26,Conscientiousness,C,3.51,3.345,0.165,0.229,495,0.0,0.0,0.0,True,True
AI_GPT4o_NLP,Age_Group=<18,Emotional Stability,N,3.083,2.903,0.18,0.229,4076,0.0,0.0,0.0,True,True
AI_GPT4o_NLP,Country=Hungary,Conscientiousness,C,3.512,3.345,0.167,0.229,42,0.0,0.0,0.0179,True,True
AI_GPT4o_Explicit,Age=55,Openness,O,3.769,3.911,-0.142,-0.228,118,0.0,0.0,0.0,True,True
AI_GPT4o_Explicit,Age=45,Openness,O,3.77,3.911,-0.141,-0.227,174,0.0,0.0,0.0,True,True
AI_GPT4o_NLP,Race=South East Asian,Conscientiousness,C,3.504,3.345,0.159,0.227,1882,0.0,0.0,0.0,True,True
AI_Qwen_NLP,Country=United Kingdom of Great Britain and Northern Ireland,Extroversion,E,3.221,3.012,0.209,0.227,80,0.0,0.0,0.0,True,True
AI_GPT4o_NLP,Race=Caucasian (Middle East),Emotional Stability,N,3.095,2.903,0.192,0.226,507,0.0,0.0,0.0,True,True
Human,Age_Group=50+,Extroversion,E,3.22,3.012,0.208,0.226,1065,0.0,0.0,0.0,True,True
AI_GPT4o_Explicit,Country=Egypt,Conscientiousness,C,3.51,3.345,0.165,0.226,50,0.0,0.0,0.0,True,True
AI_GPT4o_Order_NAG,Age_Group=35-50,Openness,O,3.77,3.911,-0.141,-0.226,128,0.0,0.0,0.0,True,True
AI_GPT4o_Explicit,Country=Finland,Conscientiousness,C,3.509,3.345,0.164,0.225,102,0.0,0.0,0.0,True,True
AI_GPT4o_Explicit,Age=49,Openness,O,3.771,3.911,-0.14,-0.225,140,0.0,0.0,0.0,True,True
AI_GPT4o_NLP,Country=Pakistan,Emotional Stability,N,3.096,2.903,0.193,0.225,209,0.0,0.0,0.0,True,True
AI_GPT4o_NLP,Race=Native American,Extroversion,E,3.218,3.012,0.206,0.224,210,0.0,0.0,0.0,True,True
AI_GPT4o_Explicit,Race=North East Asian,Extroversion,E,2.806,3.012,-0.206,-0.224,175,0.0,0.0,0.0,True,True
AI_Qwen_NLP,Age=18,Extroversion,E,3.218,3.012,0.206,0.224,101,0.0,0.0,0.0,True,True
AI_Qwen_NLP,Age=28,Extroversion,E,3.219,3.012,0.207,0.224,36,0.0,0.0,0.0,True,True
AI_GPT4o_NLP,Race=North East Asian,Extroversion,E,3.217,3.012,0.205,0.223,175,0.0,0.0,0.0,True,True
AI_GPT4o_NLP,Age=13,Emotional Stability,N,3.094,2.903,0.191,0.223,261,0.0,0.0,0.0,True,True
AI_Qwen_NLP,Age=17,Extroversion,E,3.217,3.012,0.205,0.223,76,0.0,0.0,0.0,True,True
Human,Country=Philippines,Extroversion,E,2.807,3.012,-0.205,-0.223,637,0.0,0.0,0.0,True,True
AI_GPT4o_Order_AGN,Age_Group=35-50,Openness,O,3.773,3.911,-0.138,-0.222,128,0.0,0.0,0.0,True,True
AI_GPT4o_Explicit,Country=Kenya,Conscientiousness,C,3.507,3.345,0.162,0.222,46,0.0,0.0,0.0,True,True
AI_Qwen_NLP,Age=15,Extroversion,E,3.217,3.012,0.205,0.222,46,0.0,0.0,0.0,True,True
AI_GPT4o_NLP,Age=15,Emotional Stability,N,3.09,2.903,0.187,0.221,798,0.0,0.0,0.0,True,True
AI_Qwen_NLP,Gender=Male,Extroversion,E,3.213,3.012,0.201,0.22,460,0.0,0.0,0.0,True,True
AI_GPT4o_NLP,Age=39,Openness,O,3.774,3.911,-0.137,-0.22,180,0.0,0.0,0.0,True,True
AI_GPT4o_Explicit,Age=37,Openness,O,3.775,3.911,-0.136,-0.219,194,0.0,0.0,0.0,True,True
AI_GPT4o_NLP,Country=Singapore,Openness,O,3.775,3.911,-0.136,-0.218,141,0.0,0.0,0.0,True,True
AI_GPT4o_Explicit,Age=41,Openness,O,3.775,3.911,-0.136,-0.218,151,0.0,0.0,0.0,True,True
AI_GPT4o_NLP,Country=United States of America,Conscientiousness,C,3.481,3.345,0.136,0.218,8851,0.0,0.0,0.0,True,True
AI_GPT4o_NLP,Country=Thailand,Conscientiousness,C,3.504,3.345,0.159,0.218,48,0.0,0.0,0.0001,True,True
AI_Qwen_NLP,Age=19,Extroversion,E,3.213,3.012,0.201,0.218,63,0.0,0.0,0.0,True,True
AI_GPT4o_Explicit,Age=46,Openness,O,3.776,3.911,-0.135,-0.217,144,0.0,0.0,0.0,True,True
AI_Qwen_NLP,Age_Group=<18,Extroversion,E,3.211,3.012,0.199,0.217,232,0.0,0.0,0.0,True,True
AI_GPT4o_Explicit,Age=31,Openness,O,3.777,3.911,-0.134,-0.216,283,0.0,0.0,0.0,True,True
AI_GPT4o_Explicit,Country=Jamaica,Openness,O,3.776,3.911,-0.135,-0.216,33,0.0,0.0,0.0,True,True
AI_GPT4o_Order_GAN,Age=23,Conscientiousness,C,3.502,3.345,0.157,0.215,46,0.0,0.0,0.0,True,True
AI_GPT4o_Explicit,Age=40,Openness,O,3.777,3.911,-0.134,-0.215,160,0.0,0.0,0.0,True,True
AI_GPT4o_Explicit,Age=42,Openness,O,3.778,3.911,-0.133,-0.214,153,0.0,0.0,0.0,True,True
AI_Qwen_NLP,Age_Group=50+,Emotional Stability,N,3.087,2.903,0.184,0.214,60,0.0,0.0,0.0,True,True
AI_GPT4o_Explicit,Age=35,Openness,O,3.779,3.911,-0.132,-0.213,253,0.0,0.0,0.0,True,True
AI_GPT4o_Explicit,Country=South Africa,Conscientiousness,C,3.5,3.345,0.155,0.213,180,0.0,0.0,0.0,True,True
AI_GPT4o_Explicit,Country=Croatia,Conscientiousness,C,3.5,3.345,0.155,0.212,43,0.0,0.0,0.0,True,True
Human,Gender=Male,Emotional Stability,N,3.086,2.903,0.183,0.212,7367,0.0,0.0,0.0,True,True
AI_GPT4o_NLP,Country=Romania,Extroversion,E,3.207,3.012,0.195,0.212,139,0.0,0.0,0.0,True,True
AI_GPT4o_Order_GAN,Age_Group=35-50,Openness,O,3.779,3.911,-0.132,-0.212,128,0.0,0.0,0.0,True,True
AI_GPT4o_Order_GAN,Country=Canada,Conscientiousness,C,3.5,3.345,0.155,0.212,51,0.0,0.0,0.0,True,True
AI_GPT4o_NLP,Race=Pacific Islander,Conscientiousness,C,3.5,3.345,0.155,0.212,73,0.0,0.0,0.0014,True,True
AI_GPT4o_Explicit,Country=Greece,Conscientiousness,C,3.499,3.345,0.154,0.211,90,0.0,0.0,0.0,True,True
AI_GPT4o_Order_GAN,Age_Group=26-34,Openness,O,3.78,3.911,-0.131,-0.211,171,0.0,0.0,0.0,True,True
AI_GPT4o_Order_NAG,Gender=Female,Conscientiousness,C,3.497,3.345,0.152,0.211,599,0.0,0.0,0.0,True,True
AI_GPT4o_NLP,Country=United Kingdom of Great Britain and Northern Ireland,Openness,O,3.784,3.911,-0.127,-0.211,1583,0.0,0.0,0.0,True,True
Human,Country=Philippines,Emotional Stability,N,2.723,2.903,-0.18,-0.21,637,0.0,0.0,0.0,True,True
Human,Age_Group=35-50,Emotional Stability,N,3.085,2.903,0.182,0.21,2618,0.0,0.0,0.0,True,True
AI_GPT4o_NLP,Age=14,Conscientiousness,C,3.194,3.345,-0.151,-0.209,475,0.0,0.0,0.0,True,True
AI_GPT4o_Explicit,Age=39,Openness,O,3.781,3.911,-0.13,-0.209,180,0.0,0.0,0.0,True,True
AI_GPT4o_Explicit,Age=24,Conscientiousness,C,3.495,3.345,0.15,0.209,676,0.0,0.0,0.0,True,True
AI_GPT4o_Order_NAG,Age=15,Extroversion,E,2.819,3.012,-0.193,-0.209,42,0.0,0.0,0.0,True,True
Human,Age_Group=35-50,Agreeableness,A,3.992,3.844,0.148,0.208,2618,0.0,0.0,0.0,True,True
AI_Qwen_NLP,Country=Canada,Extroversion,E,3.204,3.012,0.192,0.208,48,0.0,0.0,0.0,True,True
AI_Qwen_NLP,Country=Australia,Extroversion,E,3.204,3.012,0.192,0.208,49,0.0,0.0,0.0,True,True
AI_GPT4o_Explicit,Race=West African,Extroversion,E,3.203,3.012,0.191,0.208,275,0.0,0.0,0.0,True,True
AI_GPT4o_Order_NAG,Age_Group=50+,Openness,O,3.781,3.911,-0.13,-0.208,69,0.0,0.0,0.0,True,True
AI_GPT4o_NLP,Age=17,Extroversion,E,3.198,3.012,0.186,0.208,1415,0.0,0.0,0.0,True,True
AI_GPT4o_Order_NAG,Country=Canada,Conscientiousness,C,3.496,3.345,0.151,0.207,51,0.0,0.0,0.0,True,True
AI_GPT4o_NLP,Age=16,Extroversion,E,3.198,3.012,0.186,0.207,1127,0.0,0.0,0.0,True,True
AI_GPT4o_NLP,Age=58,Extroversion,E,3.203,3.012,0.191,0.207,58,0.0,0.0,0.0,True,True
AI_Qwen_Order_GAN,Race=Caucasian (European),Extroversion,E,3.2,3.012,0.188,0.207,546,0.0,0.0,0.0,True,True
AI_Qwen_NLP,Country=Philippines,Emotional Stability,N,3.081,2.903,0.178,0.207,36,0.0,0.0,0.0,True,True
AI_GPT4o_NLP,Age=50,Extroversion,E,3.202,3.012,0.19,0.207,131,0.0,0.0,0.0,True,True
AI_GPT4o_Explicit,Country=Norway,Openness,O,3.782,3.911,-0.129,-0.207,127,0.0,0.0,0.0,True,True
AI_Qwen_Order_GAN,Gender=Female,Extroversion,E,3.2,3.012,0.188,0.207,615,0.0,0.0,0.0,True,True
AI_Qwen_NLP,Age_Group=18-25,Extroversion,E,3.2,3.012,0.188,0.206,539,0.0,0.0,0.0,True,True
AI_Qwen_Order_GAN,Age_Group=18-25,Extroversion,E,3.2,3.012,0.188,0.206,439,0.0,0.0,0.0,True,True
AI_GPT4o_NLP,Country=Lebanon,Emotional Stability,N,3.08,2.903,0.177,0.206,44,0.0,0.0,0.0,True,True
AI_Qwen_Order_GAN,Country=United States of America,Extroversion,E,3.2,3.012,0.188,0.206,451,0.0,0.0,0.0,True,True
AI_Qwen_Order_GAN,Gender=Male,Extroversion,E,3.2,3.012,0.188,0.206,376,0.0,0.0,0.0,True,True
AI_Qwen_Order_GAN,Age_Group=26-34,Extroversion,E,3.2,3.012,0.188,0.205,163,0.0,0.0,0.0,True,True
AI_Qwen_Order_NAG,Age_Group=<18,Extroversion,E,3.2,3.012,0.188,0.205,211,0.0,0.0,0.0,True,True
AI_Qwen_Order_GAN,Age_Group=<18,Extroversion,E,3.2,3.012,0.188,0.205,211,0.0,0.0,0.0,True,True
AI_Qwen_Order_NAG,Age=16,Extroversion,E,3.2,3.012,0.188,0.204,53,0.0,0.0,0.0,True,True
AI_Qwen_Order_NAG,Age=21,Extroversion,E,3.2,3.012,0.188,0.204,48,0.0,0.0,0.0,True,True
AI_Qwen_Order_GAN,Country=Philippines,Extroversion,E,3.2,3.012,0.188,0.204,39,0.0,0.0,0.0,True,True
AI_Qwen_Order_GAN,Country=Canada,Extroversion,E,3.2,3.012,0.188,0.204,42,0.0,0.0,0.0,True,True
AI_Qwen_Order_GAN,Country=Australia,Extroversion,E,3.2,3.012,0.188,0.204,53,0.0,0.0,0.0,True,True
AI_GPT4o_Explicit,Age=48,Openness,O,3.784,3.911,-0.127,-0.204,140,0.0,0.0,0.0,True,True
AI_GPT4o_NLP,Age=38,Openness,O,3.784,3.911,-0.127,-0.204,217,0.0,0.0,0.0,True,True
AI_Qwen_Order_GAN,Country=United Kingdom of Great Britain and Northern Ireland,Extroversion,E,3.2,3.012,0.188,0.204,79,0.0,0.0,0.0,True,True
AI_Qwen_Order_GAN,Race=Caucasian (Indian),Extroversion,E,3.2,3.012,0.188,0.204,87,0.0,0.0,0.0,True,True
AI_Qwen_Order_GAN,Country=India,Extroversion,E,3.2,3.012,0.188,0.204,75,0.0,0.0,0.0,True,True
AI_Qwen_Order_GAN,Age=20,Extroversion,E,3.2,3.012,0.188,0.204,65,0.0,0.0,0.0,True,True
AI_Qwen_Order_GAN,Race=South East Asian,Extroversion,E,3.2,3.012,0.188,0.204,92,0.0,0.0,0.0,True,True
AI_Qwen_Order_GAN,Race=Mixed Race,Extroversion,E,3.2,3.012,0.188,0.204,74,0.0,0.0,0.0,True,True
AI_Qwen_Order_GAN,Race=Other,Extroversion,E,3.2,3.012,0.188,0.204,124,0.0,0.0,0.0,True,True
AI_Qwen_Order_NAG,Age=19,Extroversion,E,3.2,3.012,0.188,0.204,68,0.0,0.0,0.0,True,True
AI_Qwen_Order_GAN,Age=15,Extroversion,E,3.2,3.012,0.188,0.204,48,0.0,0.0,0.0,True,True
AI_Qwen_Order_GAN,Age=16,Extroversion,E,3.2,3.012,0.188,0.204,53,0.0,0.0,0.0,True,True
AI_Qwen_Order_GAN,Age=18,Extroversion,E,3.2,3.012,0.188,0.204,95,0.0,0.0,0.0,True,True
AI_Qwen_Order_NAG,Race=South East Asian,Extroversion,E,3.2,3.012,0.188,0.204,92,0.0,0.0,0.0,True,True
AI_Qwen_Order_GAN,Age_Group=50+,Extroversion,E,3.2,3.012,0.188,0.204,60,0.0,0.0,0.0,True,True
AI_GPT4o_Explicit,Country=Indonesia,Extroversion,E,2.825,3.012,-0.187,-0.204,190,0.0,0.0,0.0,True,True
AI_Qwen_Order_GAN,Age=24,Extroversion,E,3.2,3.012,0.188,0.204,48,0.0,0.0,0.0,True,True
AI_Qwen_Order_NAG,Country=India,Extroversion,E,3.2,3.012,0.188,0.204,75,0.0,0.0,0.0,True,True
AI_Qwen_Order_NAG,Race=Caucasian (Indian),Extroversion,E,3.2,3.012,0.188,0.204,87,0.0,0.0,0.0,True,True
AI_GPT4o_NLP,Age_Group=18-25,Conscientiousness,C,3.471,3.345,0.126,0.204,8541,0.0,0.0,0.0,True,True
AI_Qwen_Order_NAG,Country=Philippines,Extroversion,E,3.2,3.012,0.188,0.204,39,0.0,0.0,0.0,True,True
AI_Qwen_Order_GAN,Age=19,Extroversion,E,3.2,3.012,0.188,0.204,68,0.0,0.0,0.0,True,True
AI_Qwen_Order_GAN,Age=22,Extroversion,E,3.2,3.012,0.188,0.204,46,0.0,0.0,0.0,True,True
AI_Qwen_Order_GAN,Age_Group=35-50,Extroversion,E,3.2,3.012,0.188,0.204,127,0.0,0.0,0.0,True,True
AI_Qwen_Order_GAN,Age=21,Extroversion,E,3.2,3.012,0.188,0.204,48,0.0,0.0,0.0,True,True
AI_Qwen_Order_GAN,Age=23,Extroversion,E,3.2,3.012,0.188,0.204,42,0.0,0.0,0.0,True,True
AI_Qwen_Order_GAN,Age=17,Extroversion,E,3.2,3.012,0.188,0.204,72,0.0,0.0,0.0,True,True
AI_Qwen_Order_NAG,Age=15,Extroversion,E,3.2,3.012,0.188,0.204,48,0.0,0.0,0.0,True,True
AI_GPT4o_Explicit,Age=15,Extroversion,E,2.828,3.012,-0.184,-0.203,798,0.0,0.0,0.0,True,True
AI_Qwen_Order_NAG,Age=17,Extroversion,E,3.199,3.012,0.187,0.203,72,0.0,0.0,0.0,True,True
AI_Qwen_Order_NAG,Age_Group=18-25,Extroversion,E,3.197,3.012,0.185,0.203,439,0.0,0.0,0.0,True,True
AI_Qwen_NLP,Gender=Female,Extroversion,E,3.196,3.012,0.184,0.203,736,0.0,0.0,0.0,True,True
AI_Qwen_Order_NAG,Age=18,Extroversion,E,3.199,3.012,0.187,0.203,95,0.0,0.0,0.0,True,True
AI_Qwen_Order_NAG,Age=22,Extroversion,E,3.198,3.012,0.186,0.202,46,0.0,0.0,0.0,True,True
AI_GPT4o_NLP,Age_Group=<18,Extroversion,E,3.182,3.012,0.17,0.201,4076,0.0,0.0,0.0,True,True
AI_Qwen_Order_NAG,Age=20,Extroversion,E,3.197,3.012,0.185,0.201,65,0.0,0.0,0.0,True,True
AI_Qwen_NLP,Country=India,Emotional Stability,N,3.076,2.903,0.173,0.201,83,0.0,0.0,0.0,True,True
AI_GPT4o_NLP,Age=22,Conscientiousness,C,3.488,3.345,0.143,0.2,1018,0.0,0.0,0.0,True,True
AI_Qwen_Order_NAG,Age=24,Extroversion,E,3.196,3.012,0.184,0.2,48,0.0,0.0,0.0,True,True
AI_Qwen_Order_NAG,Gender=Female,Extroversion,E,3.194,3.012,0.182,0.2,615,0.0,0.0,0.0,True,True
Human,Age_Group=<18,Emotional Stability,N,2.732,2.903,-0.171,-0.199,3850,0.0,0.0,0.0,True,True
AI_Qwen_NLP,Age_Group=50+,Conscientiousness,C,3.2,3.345,-0.145,-0.199,60,0.0,0.0,0.0022,True,True
AI_GPT4o_Order_GAN,Gender=Female,Conscientiousness,C,3.488,3.345,0.143,0.198,599,0.0,0.0,0.0,True,True
AI_Qwen_Order_NAG,Country=Canada,Extroversion,E,3.195,3.012,0.183,0.198,42,0.0,0.0,0.0,True,True
AI_GPT4o_NLP,Race=North East Asian,Conscientiousness,C,3.489,3.345,0.144,0.198,175,0.0,0.0,0.0,True,True
AI_GPT4o_NLP,Age=13,Agreeableness,A,3.984,3.844,0.14,0.197,261,0.0,0.0,0.0,True,True
AI_Qwen_Order_NAG,Country=Australia,Extroversion,E,3.194,3.012,0.182,0.197,53,0.0,0.0,0.0,True,True
AI_Qwen_NLP,Race=Caucasian (North African),Extroversion,E,3.194,3.012,0.182,0.197,35,0.0,0.0,0.0001,True,True
AI_GPT4o_Order_GAN,Race=Caucasian (European),Conscientiousness,C,3.487,3.345,0.142,0.197,543,0.0,0.0,0.0,True,True
AI_GPT4o_Order_GAN,Age=16,Extroversion,E,2.83,3.012,-0.182,-0.197,44,0.0,0.0,0.0,True,True
AI_Qwen_NLP,Age_Group=35-50,Emotional Stability,N,3.072,2.903,0.169,0.197,158,0.0,0.0,0.0,True,True
AI_GPT4o_NLP,Country=Mexico,Conscientiousness,C,3.488,3.345,0.143,0.196,83,0.0,0.0,0.0,True,True
AI_Qwen_Order_NAG,Race=Caucasian (European),Extroversion,E,3.19,3.012,0.178,0.196,546,0.0,0.0,0.0,True,True
AI_GPT4o_Explicit,Country=Sweden,Openness,O,3.789,3.911,-0.122,-0.196,148,0.0,0.0,0.0,True,True
AI_Qwen_Order_NAG,Country=United Kingdom of Great Britain and Northern Ireland,Extroversion,E,3.192,3.012,0.18,0.195,79,0.0,0.0,0.0,True,True
AI_GPT4o_Order_AGN,Age=16,Extroversion,E,2.832,3.012,-0.18,-0.195,44,0.0,0.0,0.0,True,True
AI_GPT4o_NLP,Age=17,Openness,O,3.794,3.911,-0.117,-0.194,1415,0.0,0.0,0.0,True,True
AI_Qwen_NLP,Age=24,Extroversion,E,3.191,3.012,0.179,0.194,54,0.0,0.0,0.0,True,True
AI_GPT4o_Explicit,Country=Poland,Conscientiousness,C,3.486,3.345,0.141,0.193,88,0.0,0.0,0.0,True,True
AI_GPT4o_Explicit,Age=14,Extroversion,E,2.836,3.012,-0.176,-0.193,475,0.0,0.0,0.0,True,True
AI_GPT4o_Order_AGN,Age=24,Conscientiousness,C,3.485,3.345,0.14,0.192,34,0.0,0.0,0.0,True,True
AI_Qwen_Order_NAG,Age=23,Extroversion,E,3.188,3.012,0.176,0.191,42,0.0,0.0,0.0,True,True
AI_Qwen_NLP,Age=24,Emotional Stability,N,3.067,2.903,0.164,0.191,54,0.0,0.0,0.0,True,True
AI_GPT4o_NLP,Age=19,Openness,O,3.795,3.911,-0.116,-0.191,1253,0.0,0.0,0.0,True,True
AI_GPT4o_NLP,Race=Other,Conscientiousness,C,3.477,3.345,0.132,0.191,2628,0.0,0.0,0.0,True,True
AI_Qwen_NLP,Age=25,Extroversion,E,3.188,3.012,0.176,0.191,40,0.0,0.0,0.0008,True,True
AI_Qwen_Order_NAG,Country=United States of America,Extroversion,E,3.185,3.012,0.173,0.19,451,0.0,0.0,0.0,True,True
AI_Qwen_NLP,Age=28,Emotional Stability,N,3.067,2.903,0.164,0.19,36,0.0,0.0,0.0,True,True
AI_Qwen_Order_AGN,Country=United Kingdom of Great Britain and Northern Ireland,Extroversion,E,3.187,3.012,0.175,0.19,79,0.0,0.0,0.0,True,True
AI_GPT4o_NLP,Age=15,Extroversion,E,3.183,3.012,0.171,0.189,798,0.0,0.0,0.0,True,True
AI_GPT4o_NLP,Age_Group=18-25,Openness,O,3.811,3.911,-0.1,-0.189,8541,0.0,0.0,0.0,True,True
AI_Qwen_NLP,Country=Australia,Emotional Stability,N,3.065,2.903,0.162,0.188,49,0.0,0.0,0.0,True,True
AI_Qwen_NLP,Age_Group=26-34,Emotional Stability,N,3.064,2.903,0.161,0.188,211,0.0,0.0,0.0,True,True
AI_GPT4o_Explicit,Country=Lebanon,Conscientiousness,C,3.482,3.345,0.137,0.188,44,0.0,0.0,0.0047,True,True
AI_GPT4o_NLP,Age=37,Openness,O,3.794,3.911,-0.117,-0.188,194,0.0,0.0,0.0,True,True
Human,Race=Caucasian (European),Openness,O,4.026,3.911,0.115,0.187,10320,0.0,0.0,0.0,True,True
AI_Qwen_Order_NAG,Age_Group=26-34,Extroversion,E,3.184,3.012,0.172,0.187,163,0.0,0.0,0.0,True,True
AI_GPT4o_NLP,Country=Slovenia,Extroversion,E,3.184,3.012,0.172,0.187,44,0.0,0.0,0.0071,True,True
AI_GPT4o_NLP,Country=Egypt,Emotional Stability,N,3.064,2.903,0.161,0.187,50,0.0,0.0,0.0,True,True
AI_GPT4o_Explicit,Age=62,Extroversion,E,2.84,3.012,-0.172,-0.186,30,0.0,0.0,0.0217,True,True
AI_GPT4o_Explicit,Age_Group=<18,Extroversion,E,2.856,3.012,-0.156,-0.186,4076,0.0,0.0,0.0,True,True
AI_GPT4o_NLP,Age=53,Extroversion,E,3.183,3.012,0.171,0.186,83,0.0,0.0,0.0206,True,True
AI_GPT4o_Explicit,Age=60,Extroversion,E,2.842,3.012,-0.17,-0.185,86,0.0,0.0,0.0,True,True
AI_GPT4o_NLP,Race=Caucasian (North African),Conscientiousness,C,3.479,3.345,0.134,0.185,443,0.0,0.0,0.0,True,True
AI_Qwen_Order_NAG,Gender=Male,Extroversion,E,3.181,3.012,0.169,0.185,376,0.0,0.0,0.0,True,True
AI_GPT4o_NLP,Age=35,Openness,O,3.797,3.911,-0.114,-0.184,253,0.0,0.0,0.0,True,True
AI_GPT4o_NLP,Country=Australia,Openness,O,3.799,3.911,-0.112,-0.184,1025,0.0,0.0,0.0,True,True
AI_GPT4o_Explicit,Age=15,Conscientiousness,C,3.213,3.345,-0.132,-0.184,798,0.0,0.0,0.0,True,True
AI_GPT4o_Order_NAG,Country=United States of America,Conscientiousness,C,3.478,3.345,0.133,0.184,432,0.0,0.0,0.0,True,True
AI_GPT4o_NLP,Gender=Other,Emotional Stability,N,3.061,2.903,0.158,0.184,99,0.0,0.0,0.0,True,True
AI_GPT4o_Order_GAN,Age=24,Conscientiousness,C,3.479,3.345,0.134,0.183,34,0.0,0.0,0.0001,True,True
AI_Qwen_NLP,Age_Group=35-50,Extroversion,E,3.18,3.012,0.168,0.183,158,0.0,0.0,0.0,True,True
AI_GPT4o_Order_AGN,Age=25,Conscientiousness,C,3.478,3.345,0.133,0.182,37,0.0,0.0,0.0,True,True
AI_GPT4o_NLP,Age=14,Emotional Stability,N,3.058,2.903,0.155,0.182,475,0.0,0.0,0.0,True,True
AI_Qwen_NLP,Country=United States of America,Extroversion,E,3.177,3.012,0.165,0.181,552,0.0,0.0,0.0,True,True
AI_GPT4o_Explicit,Age=16,Extroversion,E,2.85,3.012,-0.162,-0.18,1127,0.0,0.0,0.0,True,True
AI_Qwen_NLP,Age=25,Emotional Stability,N,3.058,2.903,0.155,0.18,40,0.0,0.0,0.0,True,True
AI_Qwen_NLP,Race=South East Asian,Emotional Stability,N,3.057,2.903,0.154,0.179,131,0.0,0.0,0.0,True,True
AI_Qwen_NLP,Age=20,Emotional Stability,N,3.056,2.903,0.153,0.178,70,0.0,0.0,0.0,True,True
Human,Age=16,Emotional Stability,N,2.75,2.903,-0.153,-0.178,1108,0.0,0.0,0.0,True,True
AI_GPT4o_Order_GAN,Race=South East Asian,Extroversion,E,2.848,3.012,-0.164,-0.178,96,0.0,0.0,0.0,True,True
AI_GPT4o_Order_GAN,Age=15,Extroversion,E,2.848,3.012,-0.164,-0.178,42,0.0,0.0,0.0,True,True
Human,Gender=Female,Agreeableness,A,3.968,3.844,0.124,0.177,11574,0.0,0.0,0.0,True,True
AI_GPT4o_Order_NAG,Age=22,Conscientiousness,C,3.474,3.345,0.129,0.177,66,0.0,0.0,0.0,True,True
AI_Qwen_NLP,Age=21,Emotional Stability,N,3.054,2.903,0.151,0.176,92,0.0,0.0,0.0,True,True
AI_GPT4o_Explicit,Country=Viet Nam,Extroversion,E,2.85,3.012,-0.162,-0.176,38,0.0,0.0,0.0024,True,True
AI_Qwen_Order_NAG,Race=Other,Extroversion,E,3.174,3.012,0.162,0.176,124,0.0,0.0,0.0,True,True
Human,Country=United Kingdom of Great Britain and Northern Ireland,Emotional Stability,N,2.751,2.903,-0.152,-0.176,1512,0.0,0.0,0.0,True,True
AI_GPT4o_Explicit,Country=Romania,Conscientiousness,C,3.473,3.345,0.128,0.176,139,0.0,0.0,0.0,True,True
AI_GPT4o_NLP,Country=Bangladesh,Emotional Stability,N,3.054,2.903,0.151,0.175,41,0.0,0.0,0.0,True,True
AI_GPT4o_Explicit,Country=Slovenia,Conscientiousness,C,3.473,3.345,0.128,0.175,44,0.0,0.0,0.0009,True,True
AI_Qwen_Order_NAG,Race=Mixed Race,Extroversion,E,3.173,3.012,0.161,0.175,74,0.0,0.0,0.0,True,True
AI_GPT4o_NLP,Age=16,Agreeableness,A,3.966,3.844,0.122,0.175,1127,0.0,0.0,0.0,True,True
AI_GPT4o_Order_AGN,Age=15,Extroversion,E,2.852,3.012,-0.16,-0.174,42,0.0,0.0,0.0,True,True
AI_GPT4o_Order_GAN,Race=Caucasian (Indian),Conscientiousness,C,3.472,3.345,0.127,0.174,86,0.0,0.0,0.0,True,True
AI_GPT4o_Explicit,Gender=Female,Conscientiousness,C,3.446,3.345,0.101,0.173,11854,0.0,0.0,0.0,True,True
AI_Qwen_NLP,Age=23,Emotional Stability,N,3.052,2.903,0.149,0.173,63,0.0,0.0,0.0,True,True
AI_GPT4o_NLP,Country=Viet Nam,Openness,O,3.803,3.911,-0.108,-0.173,38,0.0,0.0,0.0042,True,True
AI_GPT4o_NLP,Country=India,Conscientiousness,C,3.466,3.345,0.121,0.172,1516,0.0,0.0,0.0,True,True
AI_GPT4o_NLP,Age=44,Openness,O,3.804,3.911,-0.107,-0.172,130,0.0,0.0,0.0,True,True
Human,Country=United Kingdom of Great Britain and Northern Ireland,Conscientiousness,C,3.219,3.345,-0.126,-0.172,1512,0.0,0.0,0.0,True,True
AI_GPT4o_Explicit,Age=13,Conscientiousness,C,3.22,3.345,-0.125,-0.172,261,0.0,0.0,0.0,True,True
AI_Qwen_NLP,Race=Caucasian (Indian),Emotional Stability,N,3.05,2.903,0.147,0.171,82,0.0,0.0,0.0,True,True
AI_GPT4o_Order_NAG,Race=Caucasian (Indian),Conscientiousness,C,3.47,3.345,0.125,0.171,86,0.0,0.0,0.0,True,True
AI_Qwen_NLP,Country=Australia,Conscientiousness,C,3.22,3.345,-0.125,-0.171,49,0.0002,0.0002,0.029,True,True
AI_Qwen_Order_AGN,Country=United States of America,Extroversion,E,3.166,3.012,0.154,0.169,451,0.0,0.0,0.0,True,True
AI_GPT4o_NLP,Country=India,Openness,O,3.809,3.911,-0.102,-0.169,1516,0.0,0.0,0.0,True,True
AI_Qwen_Order_AGN,Age=19,Extroversion,E,3.168,3.012,0.156,0.169,68,0.0,0.0,0.0,True,True
AI_Qwen_NLP,Age=16,Extroversion,E,3.168,3.012,0.156,0.169,68,0.0,0.0,0.0,True,True
Human,Race=South East Asian,Extroversion,E,2.857,3.012,-0.155,-0.169,1764,0.0,0.0,0.0,True,True
AI_Qwen_Order_AGN,Age=15,Extroversion,E,3.167,3.012,0.155,0.168,48,0.0,0.0,0.0,True,True
AI_GPT4o_Order_AGN,Age_Group=<18,Extroversion,E,2.859,3.012,-0.153,-0.167,199,0.0,0.0,0.0,True,True
AI_Qwen_NLP,Race=Caucasian (European),Emotional Stability,N,3.045,2.903,0.142,0.167,634,0.0,0.0,0.0,True,True
AI_Qwen_NLP,Race=Caucasian (European),Extroversion,E,3.164,3.012,0.152,0.167,634,0.0,0.0,0.0,True,True
AI_GPT4o_NLP,Age=33,Openness,O,3.807,3.911,-0.104,-0.167,260,0.0,0.0,0.0,True,True
AI_Qwen_NLP,Gender=Male,Emotional Stability,N,3.044,2.903,0.141,0.166,460,0.0,0.0,0.0,True,True
AI_GPT4o_Explicit,Country=Switzerland,Openness,O,3.808,3.911,-0.103,-0.165,40,0.0,0.0,0.0,True,True
AI_Qwen_Order_AGN,Race=Caucasian (European),Extroversion,E,3.162,3.012,0.15,0.165,546,0.0,0.0,0.0,True,True
AI_GPT4o_Explicit,Age=14,Conscientiousness,C,3.226,3.345,-0.119,-0.165,475,0.0,0.0,0.0,True,True
AI_Qwen_Order_AGN,Age=16,Extroversion,E,3.164,3.012,0.152,0.165,53,0.0,0.0,0.0,True,True
AI_GPT4o_Order_NAG,Race=Mixed Race,Extroversion,E,3.163,3.012,0.151,0.164,73,0.0,0.0,0.0,True,True
AI_GPT4o_Explicit,Country=Malaysia,Extroversion,E,2.862,3.012,-0.15,-0.164,267,0.0,0.0,0.0,True,True
AI_GPT4o_NLP,Country=Pakistan,Conscientiousness,C,3.464,3.345,0.119,0.164,209,0.0,0.0,0.0,True,True
AI_Qwen_Order_AGN,Age=18,Extroversion,E,3.162,3.012,0.15,0.163,95,0.0,0.0,0.0,True,True
AI_GPT4o_NLP,Age_Group=<18,Conscientiousness,C,3.236,3.345,-0.109,-0.163,4076,0.0,0.0,0.0,True,True
AI_Qwen_Order_NAG,Age_Group=50+,Extroversion,E,3.162,3.012,0.15,0.163,60,0.0,0.0,0.0,True,True
AI_GPT4o_NLP,Country=Philippines,Openness,O,3.811,3.911,-0.1,-0.163,660,0.0,0.0,0.0,True,True
AI_GPT4o_Explicit,Age=16,Conscientiousness,C,3.23,3.345,-0.115,-0.162,1127,0.0,0.0,0.0,True,True
AI_Qwen_NLP,Gender=Female,Emotional Stability,N,3.04,2.903,0.137,0.162,736,0.0,0.0,0.0,True,True
AI_Qwen_NLP,Age_Group=18-25,Emotional Stability,N,3.041,2.903,0.138,0.162,539,0.0,0.0,0.0,True,True
AI_Qwen_Order_AGN,Age_Group=35-50,Extroversion,E,3.161,3.012,0.149,0.162,127,0.0,0.0,0.0,True,True
AI_Qwen_Order_AGN,Age_Group=<18,Extroversion,E,3.161,3.012,0.149,0.162,211,0.0,0.0,0.0,True,True
AI_GPT4o_Explicit,Race=North East Asian,Conscientiousness,C,3.462,3.345,0.117,0.161,175,0.0,0.0,0.0,True,True
AI_Qwen_Order_AGN,Gender=Female,Extroversion,E,3.158,3.012,0.146,0.161,615,0.0,0.0,0.0,True,True
AI_GPT4o_Explicit,Country=Singapore,Conscientiousness,C,3.462,3.345,0.117,0.161,141,0.0,0.0,0.0,True,True
AI_Qwen_NLP,Age=20,Extroversion,E,3.16,3.012,0.148,0.161,70,0.0,0.0,0.0,True,True
AI_GPT4o_NLP,Age=23,Conscientiousness,C,3.46,3.345,0.115,0.161,959,0.0,0.0,0.0,True,True
Human,Country=India,Emotional Stability,N,2.765,2.903,-0.138,-0.161,1450,0.0,0.0,0.0,True,True
AI_GPT4o_Order_NAG,Country=India,Conscientiousness,C,3.462,3.345,0.117,0.16,89,0.0,0.0,0.0,True,True
Human,Age=17,Emotional Stability,N,2.765,2.903,-0.138,-0.16,1325,0.0,0.0,0.0,True,True
AI_GPT4o_Order_AGN,Gender=Female,Conscientiousness,C,3.46,3.345,0.115,0.16,599,0.0,0.0,0.0,True,True
AI_GPT4o_Order_AGN,Age=15,Conscientiousness,C,3.229,3.345,-0.116,-0.159,42,0.0,0.0,0.0001,True,True
AI_Qwen_NLP,Country=United States of America,Conscientiousness,C,3.23,3.345,-0.115,-0.159,552,0.0,0.0,0.0,True,True
AI_Qwen_Order_NAG,Age_Group=35-50,Extroversion,E,3.158,3.012,0.146,0.159,127,0.0,0.0,0.0,True,True
AI_Qwen_NLP,Age=17,Emotional Stability,N,3.039,2.903,0.136,0.158,76,0.0,0.0,0.0,True,True
AI_GPT4o_Explicit,Age_Group=<18,Conscientiousness,C,3.24,3.345,-0.105,-0.158,4076,0.0,0.0,0.0,True,True
AI_Qwen_Order_AGN,Age=17,Extroversion,E,3.157,3.012,0.145,0.157,72,0.0,0.0,0.0,True,True
AI_GPT4o_NLP,Race=South East Asian,Openness,O,3.817,3.911,-0.094,-0.157,1882,0.0,0.0,0.0,True,True
AI_Qwen_NLP,Age=21,Extroversion,E,3.157,3.012,0.145,0.157,92,0.0,0.0,0.0,True,True
Human,Country=Australia,Conscientiousness,C,3.23,3.345,-0.115,-0.157,963,0.0,0.0,0.0033,True,True
AI_GPT4o_NLP,Country=Spain,Conscientiousness,C,3.459,3.345,0.114,0.156,97,0.0,0.0,0.0056,True,True
AI_GPT4o_Order_NAG,Age_Group=<18,Extroversion,E,2.869,3.012,-0.143,-0.156,199,0.0,0.0,0.0,True,True
AI_GPT4o_Explicit,Country=Portugal,Conscientiousness,C,3.459,3.345,0.114,0.156,90,0.0,0.0,0.0,True,True
AI_GPT4o_NLP,Race=Caucasian (Indian),Openness,O,3.817,3.911,-0.094,-0.156,1542,0.0,0.0,0.0,True,True
AI_GPT4o_NLP,Race=North East Asian,Openness,O,3.814,3.911,-0.097,-0.156,175,0.0,0.0,0.0,True,True
AI_GPT4o_NLP,Gender=Male,Conscientiousness,C,3.443,3.345,0.098,0.155,7767,0.0,0.0,0.0,True,True
AI_GPT4o_Order_GAN,Country=India,Conscientiousness,C,3.458,3.345,0.113,0.155,89,0.0,0.0,0.0,True,True
AI_GPT4o_NLP,Country=Indonesia,Conscientiousness,C,3.457,3.345,0.112,0.154,190,0.0,0.0,0.0,True,True
AI_GPT4o_NLP,Country=Thailand,Openness,O,3.815,3.911,-0.096,-0.154,48,0.0,0.0,0.002,True,True
AI_GPT4o_Explicit,Race=West African,Conscientiousness,C,3.457,3.345,0.112,0.154,275,0.0,0.0,0.0,True,True
AI_Qwen_NLP,Country=United States of America,Emotional Stability,N,3.034,2.903,0.131,0.154,552,0.0,0.0,0.0,True,True
AI_Qwen_Order_AGN,Country=Australia,Extroversion,E,3.153,3.012,0.141,0.153,53,0.0,0.0,0.0,True,True
AI_GPT4o_NLP,Race=Caucasian (Indian),Conscientiousness,C,3.453,3.345,0.108,0.153,1542,0.0,0.0,0.0,True,True
AI_GPT4o_Order_NAG,Gender=Male,Conscientiousness,C,3.455,3.345,0.11,0.152,397,0.0,0.0,0.0,True,True
AI_Qwen_Order_AGN,Age_Group=50+,Extroversion,E,3.152,3.012,0.14,0.152,60,0.0,0.0,0.0,True,True
AI_GPT4o_Order_GAN,Country=United Kingdom of Great Britain and Northern Ireland,Conscientiousness,C,3.456,3.345,0.111,0.152,87,0.0,0.0,0.0001,True,True
AI_Qwen_Order_AGN,Age_Group=18-25,Extroversion,E,3.151,3.012,0.139,0.152,439,0.0,0.0,0.0,True,True
AI_GPT4o_Order_NAG,Age_Group=18-25,Conscientiousness,C,3.455,3.345,0.11,0.152,433,0.0,0.0,0.0,True,True
AI_GPT4o_Explicit,Race=Caucasian (European),Conscientiousness,C,3.436,3.345,0.091,0.152,10537,0.0,0.0,0.0,True,True
AI_GPT4o_Order_GAN,Age_Group=<18,Extroversion,E,2.873,3.012,-0.139,-0.151,199,0.0,0.0,0.0,True,True
AI_Qwen_NLP,Country=Canada,Emotional Stability,N,3.033,2.903,0.13,0.151,48,0.0,0.0,0.0,True,True
AI_Qwen_Order_AGN,Gender=Male,Extroversion,E,3.149,3.012,0.137,0.15,376,0.0,0.0,0.0,True,True
AI_GPT4o_Explicit,Age=17,Extroversion,E,2.878,3.012,-0.134,-0.15,1415,0.0,0.0,0.0,True,True
AI_GPT4o_Order_GAN,Country=United States of America,Conscientiousness,C,3.453,3.345,0.108,0.149,432,0.0,0.0,0.0,True,True
AI_Qwen_Order_AGN,Age_Group=26-34,Extroversion,E,3.149,3.012,0.137,0.149,163,0.0,0.0,0.0,True,True
Human,Age_Group=35-50,Openness,O,4.004,3.911,0.093,0.149,2618,0.0,0.0,0.0,True,True
AI_Qwen_Order_AGN,Age=20,Extroversion,E,3.148,3.012,0.136,0.148,65,0.0,0.0,0.0,True,True
AI_GPT4o_NLP,Age=25,Openness,O,3.82,3.911,-0.091,-0.148,680,0.0,0.0,0.0,True,True
AI_GPT4o_NLP,Age=15,Conscientiousness,C,3.239,3.345,-0.106,-0.148,798,0.0,0.0,0.0,True,True
AI_GPT4o_Explicit,Age=56,Extroversion,E,2.876,3.012,-0.136,-0.148,79,0.0,0.0,0.0,True,True
AI_Qwen_NLP,Age=17,Conscientiousness,C,3.238,3.345,-0.107,-0.147,76,0.0,0.0,0.0001,True,True
AI_Qwen_NLP,Race=Other,Emotional Stability,N,3.029,2.903,0.126,0.147,168,0.0,0.0,0.0,True,True
AI_GPT4o_NLP,Age=43,Openness,O,3.82,3.911,-0.091,-0.146,191,0.0,0.0,0.0,True,True
AI_Qwen_Order_AGN,Race=South East Asian,Extroversion,E,3.146,3.012,0.134,0.146,92,0.0,0.0,0.0,True,True
Human,Age=19,Conscientiousness,C,3.238,3.345,-0.107,-0.146,1225,0.0,0.0,0.0005,True,True
AI_Qwen_NLP,Race=Caucasian (North African),Emotional Stability,N,3.029,2.903,0.126,0.146,35,0.0,0.0,0.0,True,True
AI_Qwen_NLP,Age_Group=50+,Extroversion,E,3.147,3.012,0.135,0.146,60,0.0,0.0,0.0,True,True
AI_GPT4o_Explicit,Country=Hong Kong,Extroversion,E,2.877,3.012,-0.135,-0.146,39,0.0,0.0,0.0161,True,True
AI_GPT4o_NLP,Age=16,Emotional Stability,N,3.025,2.903,0.122,0.145,1127,0.0,0.0,0.0,True,True
Human,Age_Group=35-50,Extroversion,E,3.146,3.012,0.134,0.145,2618,0.0,0.0,0.0,True,True
AI_Qwen_Order_AGN,Age=21,Extroversion,E,3.146,3.012,0.134,0.145,48,0.0,0.0,0.0,True,True
AI_GPT4o_NLP,Age=34,Openness,O,3.821,3.911,-0.09,-0.145,234,0.0,0.0,0.0,True,True
AI_GPT4o_NLP,Race=Caucasian (Middle East),Conscientiousness,C,3.45,3.345,0.105,0.145,507,0.0,0.0,0.0,True,True
AI_Qwen_Order_AGN,Age=23,Extroversion,E,3.145,3.012,0.133,0.144,42,0.0,0.0,0.0,True,True
AI_GPT4o_NLP,Country=Serbia,Openness,O,3.821,3.911,-0.09,-0.144,103,0.0,0.0,0.0,True,True
AI_GPT4o_Order_NAG,Age=17,Extroversion,E,2.879,3.012,-0.133,-0.144,73,0.0,0.0,0.0,True,True
AI_Qwen_Order_AGN,Age=24,Extroversion,E,3.144,3.012,0.132,0.143,48,0.0,0.0,0.0,True,True
AI_GPT4o_Order_AGN,Race=Caucasian (European),Conscientiousness,C,3.448,3.345,0.103,0.143,543,0.0,0.0,0.0,True,True
AI_GPT4o_NLP,Age=21,Openness,O,3.824,3.911,-0.087,-0.143,1235,0.0,0.0,0.0,True,True
AI_GPT4o_NLP,Country=Malaysia,Openness,O,3.822,3.911,-0.089,-0.143,267,0.0,0.0,0.0,True,True
AI_GPT4o_Order_AGN,Country=Canada,Conscientiousness,C,3.449,3.345,0.104,0.142,51,0.0001,0.0001,0.013,True,True
AI_GPT4o_Explicit,Country=India,Conscientiousness,C,3.445,3.345,0.1,0.142,1516,0.0,0.0,0.0,True,True
AI_GPT4o_Order_NAG,Race=South East Asian,Extroversion,E,2.881,3.012,-0.131,-0.142,96,0.0,0.0,0.0,True,True
Human,Age=17,Agreeableness,A,3.742,3.844,-0.102,-0.142,1325,0.0,0.0,0.0006,True,True
AI_GPT4o_Order_AGN,Age=17,Extroversion,E,2.882,3.012,-0.13,-0.141,73,0.0,0.0,0.0,True,True
AI_GPT4o_NLP,Age=14,Extroversion,E,3.141,3.012,0.129,0.141,475,0.0,0.0,0.0,True,True
Human,Race=Caucasian (Indian),Emotional Stability,N,2.782,2.903,-0.121,-0.141,1455,0.0,0.0,0.0,True,True
AI_GPT4o_NLP,Country=Finland,Openness,O,3.824,3.911,-0.087,-0.14,102,0.0,0.0,0.0,True,True
AI_Qwen_Order_AGN,Race=Mixed Race,Extroversion,E,3.141,3.012,0.129,0.14,74,0.0,0.0,0.0,True,True
AI_Qwen_Order_AGN,Race=Caucasian (Indian),Extroversion,E,3.14,3.012,0.128,0.139,87,0.0,0.0,0.0,True,True
AI_Qwen_NLP,Age=22,Emotional Stability,N,3.023,2.903,0.12,0.139,56,0.0,0.0,0.0,True,True
AI_GPT4o_NLP,Age=22,Openness,O,3.827,3.911,-0.084,-0.138,1018,0.0,0.0,0.0,True,True
AI_GPT4o_Explicit,Race=South East Asian,Extroversion,E,2.891,3.012,-0.121,-0.137,1882,0.0,0.0,0.0,True,True
AI_GPT4o_Explicit,Race=Native American,Extroversion,E,2.886,3.012,-0.126,-0.137,210,0.0,0.0,0.0,True,True
AI_Qwen_Order_AGN,Country=Philippines,Extroversion,E,3.138,3.012,0.126,0.137,39,0.0,0.0,0.0,True,True
Human,Race=South East Asian,Agreeableness,A,3.747,3.844,-0.097,-0.137,1764,0.0,0.0,0.0,True,True
AI_GPT4o_Explicit,Age=13,Extroversion,E,2.887,3.012,-0.125,-0.136,261,0.0,0.0,0.0,True,True
AI_GPT4o_NLP,Country=Ireland,Conscientiousness,C,3.443,3.345,0.098,0.134,106,0.0,0.0,0.0128,True,True
AI_GPT4o_Explicit,Country=Norway,Extroversion,E,2.889,3.012,-0.123,-0.134,127,0.0,0.0,0.0,True,True
AI_Qwen_Order_AGN,Country=India,Extroversion,E,3.135,3.012,0.123,0.134,75,0.0,0.0,0.0,True,True
AI_GPT4o_Explicit,Race=Caucasian (North African),Conscientiousness,C,3.442,3.345,0.097,0.134,443,0.0,0.0,0.0,True,True
Human,Age=16,Extroversion,E,2.888,3.012,-0.124,-0.134,1108,0.0,0.0002,0.0154,True,True
AI_GPT4o_NLP,Country=Canada,Openness,O,3.83,3.911,-0.081,-0.133,942,0.0,0.0,0.0,True,True
AI_GPT4o_Explicit,Country=Spain,Conscientiousness,C,3.442,3.345,0.097,0.133,97,0.0,0.0,0.0001,True,True
AI_Qwen_Order_AGN,Age=22,Extroversion,E,3.135,3.012,0.123,0.133,46,0.0,0.0,0.0,True,True
AI_GPT4o_Order_GAN,Age=15,Conscientiousness,C,3.248,3.345,-0.097,-0.133,42,0.0,0.0,0.0031,True,True
AI_GPT4o_NLP,Age=36,Openness,O,3.828,3.911,-0.083,-0.133,204,0.0,0.0,0.0,True,True
AI_GPT4o_Explicit,Race=Caucasian (Indian),Conscientiousness,C,3.439,3.345,0.094,0.133,1542,0.0,0.0,0.0,True,True
AI_Qwen_NLP,Age=19,Emotional Stability,N,3.017,2.903,0.114,0.132,63,0.0,0.0,0.0,True,True
AI_GPT4o_NLP,Age=29,Openness,O,3.829,3.911,-0.082,-0.132,368,0.0,0.0,0.0,True,True
Human,Gender=Female,Emotional Stability,N,2.79,2.903,-0.113,-0.132,11574,0.0,0.0,0.0,True,True
AI_GPT4o_Explicit,Race=Mixed Race,Extroversion,E,3.13,3.012,0.118,0.132,1415,0.0,0.0,0.0,True,True
AI_Qwen_Order_AGN,Race=Other,Extroversion,E,3.133,3.012,0.121,0.132,124,0.0,0.0,0.0,True,True
Human,Age=18,Extroversion,E,2.89,3.012,-0.122,-0.132,1491,0.0,0.0,0.0008,True,True
AI_Qwen_Order_AGN,Country=Canada,Extroversion,E,3.133,3.012,0.121,0.131,42,0.0,0.0,0.0,True,True
AI_GPT4o_Explicit,Age_Group=50+,Extroversion,E,2.894,3.012,-0.118,-0.131,1108,0.0,0.0,0.0,True,True
Human,Age_Group=26-34,Conscientiousness,C,3.44,3.345,0.095,0.131,3226,0.0,0.0,0.0,True,True
AI_GPT4o_Explicit,Country=France,Conscientiousness,C,3.44,3.345,0.095,0.13,129,0.0,0.0,0.0,True,True
AI_Qwen_NLP,Age=18,Emotional Stability,N,3.015,2.903,0.112,0.13,101,0.0,0.0,0.0,True,True
AI_GPT4o_Order_AGN,Age_Group=<18,Conscientiousness,C,3.251,3.345,-0.094,-0.129,199,0.0,0.0,0.0,True,True
AI_GPT4o_Explicit,Age=23,Conscientiousness,C,3.437,3.345,0.092,0.129,959,0.0,0.0,0.0,True,True
AI_GPT4o_Explicit,Age=35,Extroversion,E,3.13,3.012,0.118,0.129,253,0.0,0.0,0.0,True,True
AI_Qwen_NLP,Race=Mixed Race,Emotional Stability,N,3.013,2.903,0.11,0.128,102,0.0,0.0,0.0,True,True
AI_GPT4o_Order_AGN,Race=South East Asian,Extroversion,E,2.894,3.012,-0.118,-0.128,96,0.0,0.0,0.0,True,True
AI_GPT4o_Order_GAN,Age=22,Conscientiousness,C,3.438,3.345,0.093,0.127,66,0.0,0.0,0.0,True,True
Human,Age=18,Openness,O,3.832,3.911,-0.079,-0.127,1491,0.0,0.0,0.0013,True,True
AI_GPT4o_Order_AGN,Age=16,Conscientiousness,C,3.252,3.345,-0.093,-0.127,44,0.0,0.0001,0.0068,True,True
AI_Qwen_NLP,Country=United Kingdom of Great Britain and Northern Ireland,Emotional Stability,N,3.012,2.903,0.109,0.127,80,0.0,0.0,0.0,True,True
AI_GPT4o_Explicit,Country=Türkiye,Conscientiousness,C,3.438,3.345,0.093,0.127,63,0.0,0.0,0.0045,True,True
AI_GPT4o_NLP,Age=18,Conscientiousness,C,3.434,3.345,0.089,0.126,1523,0.0,0.0,0.0,True,True
Human,Gender=Male,Openness,O,3.989,3.911,0.078,0.126,7367,0.0,0.0,0.0,True,True
AI_GPT4o_NLP,Country=Brazil,Conscientiousness,C,3.437,3.345,0.092,0.126,194,0.0,0.0,0.0,True,True
AI_GPT4o_Explicit,Gender=Other,Extroversion,E,2.899,3.012,-0.113,-0.123,99,0.0,0.0,0.0002,True,True
AI_GPT4o_Order_GAN,Age=16,Conscientiousness,C,3.255,3.345,-0.09,-0.123,44,0.0,0.0,0.0003,True,True
AI_GPT4o_Explicit,Race=Caucasian (Middle East),Conscientiousness,C,3.433,3.345,0.088,0.122,507,0.0,0.0,0.0,True,True
AI_GPT4o_NLP,Country=France,Conscientiousness,C,3.434,3.345,0.089,0.122,129,0.0,0.0001,0.0301,True,True
AI_GPT4o_Order_NAG,Age=21,Conscientiousness,C,3.433,3.345,0.088,0.121,54,0.0,0.0,0.0004,True,True
Human,Race=South East Asian,Emotional Stability,N,2.8,2.903,-0.103,-0.12,1764,0.0,0.0,0.0001,True,True
Human,Age=19,Openness,O,3.836,3.911,-0.075,-0.12,1225,0.0,0.0002,0.023,True,True
AI_GPT4o_NLP,Gender=Female,Openness,O,3.851,3.911,-0.06,-0.12,11854,0.0,0.0,0.0,True,True
AI_GPT4o_NLP,Country=Indonesia,Openness,O,3.837,3.911,-0.074,-0.119,190,0.0,0.0,0.0,True,True
AI_GPT4o_Order_AGN,Age=22,Conscientiousness,C,3.432,3.345,0.087,0.119,66,0.0,0.0,0.0004,True,True
AI_GPT4o_Explicit,Country=Canada,Conscientiousness,C,3.43,3.345,0.085,0.119,942,0.0,0.0,0.0,True,True
AI_GPT4o_Explicit,Country=New Zealand,Conscientiousness,C,3.432,3.345,0.087,0.119,164,0.0,0.0,0.0,True,True
Human,Age_Group=<18,Extroversion,E,2.902,3.012,-0.11,-0.119,3850,0.0,0.0,0.0,True,True
AI_GPT4o_Order_NAG,Age=20,Conscientiousness,C,3.432,3.345,0.087,0.119,78,0.0,0.0,0.0023,True,True
Human,Race=Other,Conscientiousness,C,3.431,3.345,0.086,0.118,2478,0.0,0.0,0.0,True,True
AI_GPT4o_NLP,Race=Pacific Islander,Openness,O,3.838,3.911,-0.073,-0.117,73,0.0,0.0,0.0089,True,True
AI_GPT4o_Explicit,Country=Indonesia,Conscientiousness,C,3.43,3.345,0.085,0.117,190,0.0,0.0,0.0,True,True
AI_Qwen_Order_AGN,Age=22,Emotional Stability,N,3.004,2.903,0.101,0.117,46,0.0,0.0,0.0,True,True
AI_GPT4o_Explicit,Country=Kenya,Extroversion,E,3.12,3.012,0.108,0.117,46,0.0001,0.0001,0.049,True,True
AI_GPT4o_Explicit,Age=57,Extroversion,E,2.904,3.012,-0.108,-0.117,70,0.0,0.0,0.0019,True,True
AI_GPT4o_NLP,Age_Group=26-34,Openness,O,3.845,3.911,-0.066,-0.114,3308,0.0,0.0,0.0,True,True
AI_GPT4o_NLP,Age=28,Openness,O,3.842,3.911,-0.069,-0.112,466,0.0,0.0,0.0,True,True
AI_GPT4o_Explicit,Country=Mexico,Conscientiousness,C,3.427,3.345,0.082,0.112,83,0.0001,0.0001,0.0392,True,True
AI_GPT4o_Order_GAN,Age_Group=<18,Conscientiousness,C,3.264,3.345,-0.081,-0.111,199,0.0,0.0,0.0,True,True
AI_GPT4o_NLP,Country=Portugal,Openness,O,3.842,3.911,-0.069,-0.111,90,0.0,0.0,0.0038,True,True
AI_GPT4o_NLP,Age=32,Openness,O,3.842,3.911,-0.069,-0.111,336,0.0,0.0,0.0,True,True
AI_GPT4o_Order_AGN,Age=18,Extroversion,E,2.91,3.012,-0.102,-0.111,68,0.0,0.0,0.0005,True,True
AI_Qwen_NLP,Race=Caucasian (European),Conscientiousness,C,3.266,3.345,-0.079,-0.11,634,0.0,0.0,0.0,True,True
AI_Qwen_Order_GAN,Age=23,Emotional Stability,N,2.998,2.903,0.095,0.11,42,0.0,0.0,0.0,True,True
AI_GPT4o_Order_GAN,Gender=Male,Conscientiousness,C,3.424,3.345,0.079,0.109,397,0.0,0.0,0.0,True,True
AI_GPT4o_Order_AGN,Race=Caucasian (Indian),Conscientiousness,C,3.424,3.345,0.079,0.108,86,0.0001,0.0002,0.0166,True,True
AI_Qwen_NLP,Gender=Male,Conscientiousness,C,3.267,3.345,-0.078,-0.108,460,0.0,0.0,0.0,True,True
AI_GPT4o_NLP,Country=Pakistan,Openness,O,3.844,3.911,-0.067,-0.108,209,0.0,0.0,0.0,True,True
AI_GPT4o_Order_AGN,Country=India,Conscientiousness,C,3.424,3.345,0.079,0.108,89,0.0001,0.0001,0.0084,True,True
AI_GPT4o_NLP,Race=Mixed Race,Conscientiousness,C,3.421,3.345,0.076,0.107,1415,0.0,0.0,0.0,True,True
AI_GPT4o_Order_NAG,Race=South East Asian,Conscientiousness,C,3.422,3.345,0.077,0.106,96,0.0,0.0,0.0003,True,True
AI_GPT4o_Order_AGN,Race=Other,Conscientiousness,C,3.422,3.345,0.077,0.106,122,0.0,0.0,0.0005,True,True
AI_GPT4o_Order_AGN,Age=23,Conscientiousness,C,3.422,3.345,0.077,0.105,46,0.0,0.0,0.0024,True,True
Human,Age=18,Conscientiousness,C,3.269,3.345,-0.076,-0.104,1491,0.0001,0.0004,0.0457,True,True
AI_GPT4o_Explicit,Age=17,Conscientiousness,C,3.272,3.345,-0.073,-0.103,1415,0.0,0.0,0.0,True,True
Human,Age_Group=26-34,Openness,O,3.975,3.911,0.064,0.103,3226,0.0,0.0,0.0,True,True
AI_GPT4o_Order_GAN,Age_Group=50+,Extroversion,E,2.917,3.012,-0.095,-0.103,69,0.0003,0.0004,0.0394,True,True
AI_GPT4o_Order_GAN,Age_Group=18-25,Conscientiousness,C,3.419,3.345,0.074,0.102,433,0.0,0.0,0.0,True,True
Human,Country=United States of America,Conscientiousness,C,3.419,3.345,0.074,0.101,8634,0.0,0.0,0.0,True,True
AI_Qwen_Order_GAN,Country=Philippines,Emotional Stability,N,2.99,2.903,0.087,0.101,39,0.0,0.0,0.0,True,True
AI_GPT4o_Explicit,Country=United Kingdom of Great Britain and Northern Ireland,Conscientiousness,C,3.416,3.345,0.071,0.101,1583,0.0,0.0,0.0,True,True
AI_GPT4o_NLP,Age=26,Openness,O,3.849,3.911,-0.062,-0.1,495,0.0,0.0,0.0,True,True
AI_GPT4o_Explicit,Age=54,Extroversion,E,2.92,3.012,-0.092,-0.1,91,0.0,0.0001,0.0287,True,True
AI_GPT4o_NLP,Age=19,Conscientiousness,C,3.416,3.345,0.071,0.1,1253,0.0,0.0,0.0,True,True
AI_GPT4o_NLP,Age=13,Extroversion,E,3.104,3.012,0.092,0.1,261,0.0,0.0,0.0,True,True
AI_Qwen_Order_NAG,Age_Group=50+,Emotional Stability,N,2.988,2.903,0.085,0.099,60,0.0,0.0,0.0,True,True
AI_GPT4o_Order_NAG,Race=Other,Conscientiousness,C,3.417,3.345,0.072,0.099,122,0.0,0.0,0.0038,True,True
AI_Qwen_NLP,Age_Group=<18,Emotional Stability,N,2.988,2.903,0.085,0.099,232,0.0,0.0,0.0,True,True
AI_GPT4o_NLP,Country=United Kingdom of Great Britain and Northern Ireland,Conscientiousness,C,3.415,3.345,0.07,0.099,1583,0.0,0.0,0.0,True,True
AI_Qwen_Order_AGN,Country=Philippines,Emotional Stability,N,2.987,2.903,0.084,0.098,39,0.0,0.0,0.0002,True,True
AI_GPT4o_Order_AGN,Country=Canada,Extroversion,E,2.922,3.012,-0.09,-0.098,51,0.0001,0.0002,0.017,True,True
AI_Qwen_Order_GAN,Age_Group=50+,Emotional Stability,N,2.987,2.903,0.084,0.098,60,0.0,0.0,0.0,True,True
AI_GPT4o_NLP,Age=45,Openness,O,3.85,3.911,-0.061,-0.098,174,0.0,0.0,0.0026,True,True
AI_GPT4o_Order_AGN,Country=United States of America,Conscientiousness,C,3.416,3.345,0.071,0.098,432,0.0,0.0,0.0,True,True
AI_GPT4o_Order_AGN,Age_Group=50+,Extroversion,E,2.922,3.012,-0.09,-0.098,69,0.0003,0.0003,0.0351,True,True
AI_GPT4o_Order_GAN,Race=Other,Conscientiousness,C,3.416,3.345,0.071,0.097,122,0.0001,0.0001,0.0087,True,True
AI_GPT4o_NLP,Age=31,Openness,O,3.851,3.911,-0.06,-0.097,283,0.0,0.0,0.0,True,True
AI_GPT4o_Explicit,Age=28,Extroversion,E,3.1,3.012,0.088,0.096,466,0.0,0.0,0.0,True,True
AI_GPT4o_NLP,Country=Sweden,Openness,O,3.851,3.911,-0.06,-0.096,148,0.0,0.0,0.0002,True,True
AI_Qwen_Order_GAN,Race=Mixed Race,Emotional Stability,N,2.986,2.903,0.083,0.096,74,0.0,0.0,0.0,True,True
AI_GPT4o_NLP,Age=20,Conscientiousness,C,3.413,3.345,0.068,0.096,1197,0.0,0.0,0.0,True,True
AI_Qwen_Order_NAG,Age=15,Emotional Stability,N,2.985,2.903,0.082,0.095,48,0.0,0.0,0.0,True,True
AI_GPT4o_NLP,Country=Brazil,Openness,O,3.852,3.911,-0.059,-0.095,194,0.0,0.0,0.0001,True,True
AI_Qwen_Order_AGN,Race=Other,Emotional Stability,N,2.984,2.903,0.081,0.094,124,0.0,0.0,0.0,True,True
AI_Qwen_Order_NAG,Race=South East Asian,Emotional Stability,N,2.983,2.903,0.08,0.093,92,0.0,0.0,0.0,True,True
AI_GPT4o_Explicit,Race=Native American,Conscientiousness,C,3.413,3.345,0.068,0.093,210,0.0,0.0,0.0014,True,True
AI_Qwen_Order_NAG,Age_Group=35-50,Emotional Stability,N,2.983,2.903,0.08,0.093,127,0.0,0.0,0.0,True,True
AI_Qwen_Order_AGN,Race=Caucasian (Indian),Emotional Stability,N,2.983,2.903,0.08,0.093,87,0.0,0.0,0.0,True,True
AI_Qwen_NLP,Age=15,Emotional Stability,N,2.983,2.903,0.08,0.093,46,0.0,0.0,0.0002,True,True
AI_GPT4o_Order_GAN,Age=17,Extroversion,E,2.926,3.012,-0.086,-0.093,73,0.0001,0.0001,0.0085,True,True
Human,Country=United States of America,Agreeableness,A,3.91,3.844,0.066,0.092,8634,0.0,0.0,0.0,True,True
AI_GPT4o_Explicit,Age=19,Extroversion,E,2.93,3.012,-0.082,-0.092,1253,0.0,0.0,0.0,True,True
AI_Qwen_Order_AGN,Gender=Male,Emotional Stability,N,2.981,2.903,0.078,0.091,376,0.0,0.0,0.0,True,True
AI_Qwen_Order_NAG,Country=United Kingdom of Great Britain and Northern Ireland,Emotional Stability,N,2.981,2.903,0.078,0.091,79,0.0,0.0,0.0,True,True
AI_Qwen_Order_NAG,Age=24,Emotional Stability,N,2.981,2.903,0.078,0.091,48,0.0,0.0,0.0,True,True
AI_Qwen_Order_AGN,Country=Australia,Emotional Stability,N,2.981,2.903,0.078,0.091,53,0.0,0.0,0.0,True,True
AI_Qwen_Order_AGN,Age=16,Emotional Stability,N,2.981,2.903,0.078,0.091,53,0.0,0.0,0.0,True,True
AI_Qwen_Order_NAG,Age=18,Emotional Stability,N,2.981,2.903,0.078,0.091,95,0.0,0.0,0.0,True,True
AI_GPT4o_Explicit,Country=United States of America,Conscientiousness,C,3.4,3.345,0.055,0.09,8851,0.0,0.0,0.0,True,True
AI_GPT4o_NLP,Country=Spain,Openness,O,3.855,3.911,-0.056,-0.09,97,0.0,0.0,0.005,True,True
AI_Qwen_Order_NAG,Country=United States of America,Emotional Stability,N,2.98,2.903,0.077,0.09,451,0.0,0.0,0.0,True,True
AI_GPT4o_NLP,Age=30,Openness,O,3.855,3.911,-0.056,-0.09,393,0.0,0.0,0.0,True,True
AI_GPT4o_Explicit,"Country=Netherlands, Kingdom of the",Extroversion,E,3.094,3.012,0.082,0.089,142,0.0,0.0,0.0047,True,True
AI_Qwen_Order_NAG,Race=Mixed Race,Emotional Stability,N,2.98,2.903,0.077,0.089,74,0.0,0.0,0.0,True,True
AI_Qwen_Order_GAN,Age=22,Emotional Stability,N,2.98,2.903,0.077,0.089,46,0.0,0.0,0.0,True,True
AI_GPT4o_Explicit,Country=Singapore,Extroversion,E,2.931,3.012,-0.081,-0.088,141,0.0,0.0,0.0168,True,True
AI_GPT4o_NLP,Country=Denmark,Openness,O,3.856,3.911,-0.055,-0.088,118,0.0,0.0,0.0165,True,True
AI_Qwen_Order_AGN,Age_Group=18-25,Emotional Stability,N,2.978,2.903,0.075,0.088,439,0.0,0.0,0.0,True,True
AI_GPT4o_NLP,Race=Caucasian (North African),Openness,O,3.857,3.911,-0.054,-0.087,443,0.0,0.0,0.0,True,True
AI_GPT4o_Explicit,Race=Other,Conscientiousness,C,3.405,3.345,0.06,0.087,2628,0.0,0.0,0.0,True,True
AI_Qwen_NLP,Age=18,Conscientiousness,C,3.282,3.345,-0.063,-0.086,101,0.0002,0.0002,0.0326,True,True
AI_Qwen_Order_AGN,Race=Caucasian (European),Emotional Stability,N,2.976,2.903,0.073,0.086,546,0.0,0.0,0.0,True,True
AI_Qwen_Order_AGN,Age_Group=26-34,Emotional Stability,N,2.977,2.903,0.074,0.086,163,0.0,0.0,0.0,True,True
AI_Qwen_Order_NAG,Age=21,Emotional Stability,N,2.977,2.903,0.074,0.086,48,0.0,0.0,0.0001,True,True
AI_Qwen_Order_NAG,Gender=Female,Emotional Stability,N,2.976,2.903,0.073,0.086,615,0.0,0.0,0.0,True,True
AI_Qwen_Order_GAN,Age_Group=35-50,Emotional Stability,N,2.977,2.903,0.074,0.086,127,0.0,0.0,0.0,True,True
AI_Qwen_Order_GAN,Age=21,Emotional Stability,N,2.977,2.903,0.074,0.086,48,0.0,0.0,0.0001,True,True
AI_GPT4o_Explicit,Age=22,Conscientiousness,C,3.406,3.345,0.061,0.086,1018,0.0,0.0,0.0,True,True
AI_Qwen_Order_GAN,Race=South East Asian,Emotional Stability,N,2.976,2.903,0.073,0.085,92,0.0,0.0,0.0,True,True
AI_Qwen_Order_NAG,Race=Other,Emotional Stability,N,2.976,2.903,0.073,0.085,124,0.0,0.0,0.0,True,True
AI_Qwen_Order_NAG,Race=Caucasian (Indian),Emotional Stability,N,2.976,2.903,0.073,0.085,87,0.0,0.0,0.0,True,True
AI_GPT4o_Explicit,Age=32,Extroversion,E,3.09,3.012,0.078,0.085,336,0.0,0.0,0.0,True,True
AI_Qwen_Order_GAN,Age=17,Emotional Stability,N,2.976,2.903,0.073,0.085,72,0.0,0.0,0.0,True,True
AI_Qwen_Order_GAN,Country=Canada,Emotional Stability,N,2.976,2.903,0.073,0.085,42,0.0,0.0,0.0004,True,True
AI_Qwen_Order_AGN,Country=India,Emotional Stability,N,2.976,2.903,0.073,0.085,75,0.0,0.0,0.0,True,True
AI_Qwen_Order_GAN,Gender=Female,Emotional Stability,N,2.975,2.903,0.072,0.085,615,0.0,0.0,0.0,True,True
AI_Qwen_Order_AGN,Age=19,Emotional Stability,N,2.976,2.903,0.073,0.085,68,0.0,0.0,0.0,True,True
AI_Qwen_Order_AGN,Age=21,Emotional Stability,N,2.975,2.903,0.072,0.084,48,0.0,0.0,0.0003,True,True
AI_Qwen_Order_AGN,Age=17,Emotional Stability,N,2.975,2.903,0.072,0.084,72,0.0,0.0,0.0,True,True
AI_Qwen_Order_GAN,Country=India,Emotional Stability,N,2.975,2.903,0.072,0.084,75,0.0,0.0,0.0,True,True
AI_Qwen_Order_NAG,Age=19,Emotional Stability,N,2.975,2.903,0.072,0.084,68,0.0,0.0,0.0,True,True
AI_Qwen_Order_NAG,Age=20,Emotional Stability,N,2.975,2.903,0.072,0.084,65,0.0,0.0,0.0,True,True
AI_GPT4o_NLP,Country=Australia,Conscientiousness,C,3.405,3.345,0.06,0.084,1025,0.0,0.0,0.0,True,True
AI_Qwen_Order_AGN,Country=United Kingdom of Great Britain and Northern Ireland,Emotional Stability,N,2.975,2.903,0.072,0.084,79,0.0,0.0,0.0,True,True
AI_Qwen_Order_GAN,Age=15,Emotional Stability,N,2.975,2.903,0.072,0.084,48,0.0,0.0,0.0003,True,True
AI_Qwen_Order_GAN,Age=24,Emotional Stability,N,2.975,2.903,0.072,0.084,48,0.0,0.0,0.0003,True,True
AI_Qwen_Order_GAN,Race=Caucasian (European),Emotional Stability,N,2.974,2.903,0.071,0.084,546,0.0,0.0,0.0,True,True
AI_GPT4o_Explicit,Country=Australia,Conscientiousness,C,3.404,3.345,0.059,0.083,1025,0.0,0.0,0.0,True,True
AI_Qwen_Order_GAN,Age_Group=<18,Emotional Stability,N,2.974,2.903,0.071,0.083,211,0.0,0.0,0.0,True,True
AI_Qwen_Order_GAN,Country=United States of America,Emotional Stability,N,2.974,2.903,0.071,0.083,451,0.0,0.0,0.0,True,True
Human,Gender=Female,Openness,O,3.859,3.911,-0.052,-0.083,11574,0.0,0.0,0.0,True,True
AI_Qwen_Order_NAG,Age_Group=<18,Emotional Stability,N,2.974,2.903,0.071,0.083,211,0.0,0.0,0.0,True,True
AI_Qwen_Order_GAN,Gender=Male,Emotional Stability,N,2.974,2.903,0.071,0.083,376,0.0,0.0,0.0,True,True
AI_Qwen_Order_NAG,Country=Canada,Emotional Stability,N,2.974,2.903,0.071,0.082,42,0.0,0.0,0.0002,True,True
AI_GPT4o_Explicit,Age=36,Extroversion,E,3.087,3.012,0.075,0.082,204,0.0,0.0,0.001,True,True
AI_Qwen_Order_NAG,Age=23,Emotional Stability,N,2.974,2.903,0.071,0.082,42,0.0,0.0,0.0,True,True
AI_Qwen_Order_NAG,Gender=Male,Emotional Stability,N,2.973,2.903,0.07,0.082,376,0.0,0.0,0.0,True,True
AI_Qwen_Order_NAG,Age_Group=18-25,Emotional Stability,N,2.973,2.903,0.07,0.082,439,0.0,0.0,0.0,True,True
AI_Qwen_Order_GAN,Age_Group=18-25,Emotional Stability,N,2.973,2.903,0.07,0.082,439,0.0,0.0,0.0,True,True
AI_Qwen_Order_AGN,Age_Group=<18,Emotional Stability,N,2.973,2.903,0.07,0.082,211,0.0,0.0,0.0,True,True
AI_GPT4o_Explicit,Country=Canada,Extroversion,E,2.939,3.012,-0.073,-0.081,942,0.0,0.0,0.0,True,True
AI_GPT4o_Explicit,Age=31,Extroversion,E,3.086,3.012,0.074,0.081,283,0.0,0.0,0.0,True,True
AI_Qwen_Order_AGN,Age_Group=35-50,Emotional Stability,N,2.973,2.903,0.07,0.081,127,0.0,0.0,0.0,True,True
AI_Qwen_Order_NAG,Race=Caucasian (European),Emotional Stability,N,2.972,2.903,0.069,0.081,546,0.0,0.0,0.0,True,True
AI_Qwen_Order_AGN,Country=United States of America,Emotional Stability,N,2.971,2.903,0.068,0.08,451,0.0,0.0,0.0,True,True
AI_Qwen_Order_AGN,Gender=Female,Emotional Stability,N,2.971,2.903,0.068,0.08,615,0.0,0.0,0.0,True,True
AI_GPT4o_Order_AGN,Race=South East Asian,Conscientiousness,C,3.403,3.345,0.058,0.08,96,0.0003,0.0004,0.0473,True,True
AI_Qwen_Order_NAG,Age_Group=26-34,Emotional Stability,N,2.972,2.903,0.069,0.08,163,0.0,0.0,0.0,True,True
AI_Qwen_Order_AGN,Age=20,Emotional Stability,N,2.972,2.903,0.069,0.08,65,0.0,0.0,0.0,True,True
AI_GPT4o_NLP,Country=New Zealand,Openness,O,3.862,3.911,-0.049,-0.079,164,0.0,0.0,0.0045,True,True
AI_GPT4o_Explicit,Race=South East Asian,Conscientiousness,C,3.4,3.345,0.055,0.079,1882,0.0,0.0,0.0,True,True
AI_Qwen_Order_GAN,Age_Group=26-34,Emotional Stability,N,2.971,2.903,0.068,0.079,163,0.0,0.0,0.0,True,True
AI_Qwen_Order_AGN,Age=23,Emotional Stability,N,2.971,2.903,0.068,0.079,42,0.0,0.0,0.0027,True,True
AI_Qwen_Order_NAG,Country=India,Emotional Stability,N,2.971,2.903,0.068,0.079,75,0.0,0.0,0.0,True,True
AI_Qwen_Order_AGN,Race=South East Asian,Emotional Stability,N,2.97,2.903,0.067,0.078,92,0.0,0.0,0.0,True,True
AI_Qwen_Order_GAN,Race=Caucasian (Indian),Emotional Stability,N,2.97,2.903,0.067,0.078,87,0.0,0.0,0.0,True,True
AI_Qwen_Order_AGN,Country=Canada,Emotional Stability,N,2.969,2.903,0.066,0.077,42,0.0,0.0,0.0031,True,True
AI_Qwen_Order_AGN,Age=24,Emotional Stability,N,2.969,2.903,0.066,0.077,48,0.0,0.0,0.0004,True,True
AI_GPT4o_NLP,Country=United Arab Emirates,Openness,O,3.863,3.911,-0.048,-0.077,108,0.0,0.0,0.0064,True,True
AI_Qwen_Order_AGN,Age=18,Emotional Stability,N,2.968,2.903,0.065,0.076,95,0.0,0.0,0.0,True,True
AI_GPT4o_NLP,Country=Germany,Openness,O,3.864,3.911,-0.047,-0.076,185,0.0,0.0,0.0243,True,True
AI_GPT4o_Order_GAN,Age_Group=26-34,Extroversion,E,3.082,3.012,0.07,0.076,171,0.0001,0.0001,0.0123,True,True
AI_Qwen_Order_GAN,Race=Other,Emotional Stability,N,2.968,2.903,0.065,0.076,124,0.0,0.0,0.0,True,True
AI_GPT4o_NLP,Age=23,Openness,O,3.865,3.911,-0.046,-0.075,959,0.0,0.0,0.0,True,True
AI_GPT4o_Explicit,Gender=Male,Conscientiousness,C,3.392,3.345,0.047,0.075,7767,0.0,0.0,0.0,True,True
AI_GPT4o_Explicit,Country=Pakistan,Extroversion,E,2.944,3.012,-0.068,-0.074,209,0.0,0.0,0.0009,True,True
AI_Qwen_Order_NAG,Age=17,Emotional Stability,N,2.967,2.903,0.064,0.074,72,0.0,0.0,0.0,True,True
AI_Qwen_Order_NAG,Age=16,Emotional Stability,N,2.966,2.903,0.063,0.073,53,0.0,0.0,0.0005,True,True
AI_Qwen_Order_NAG,Country=Australia,Emotional Stability,N,2.966,2.903,0.063,0.073,53,0.0,0.0,0.0008,True,True
AI_Qwen_Order_GAN,Age=19,Emotional Stability,N,2.966,2.903,0.063,0.073,68,0.0,0.0,0.0,True,True
AI_GPT4o_Explicit,Age_Group=26-34,Extroversion,E,3.074,3.012,0.062,0.073,3308,0.0,0.0,0.0,True,True
AI_Qwen_Order_GAN,Country=United Kingdom of Great Britain and Northern Ireland,Emotional Stability,N,2.966,2.903,0.063,0.073,79,0.0,0.0,0.0,True,True
AI_Qwen_Order_GAN,Age=20,Emotional Stability,N,2.966,2.903,0.063,0.073,65,0.0,0.0,0.0001,True,True
AI_Qwen_Order_GAN,Age=18,Emotional Stability,N,2.966,2.903,0.063,0.073,95,0.0,0.0,0.0,True,True
Human,Age_Group=26-34,Agreeableness,A,3.895,3.844,0.051,0.072,3226,0.0001,0.0004,0.0461,True,True
Human,Age_Group=18-25,Openness,O,3.866,3.911,-0.045,-0.072,8280,0.0,0.0,0.0,True,True
AI_Qwen_Order_AGN,Age=15,Emotional Stability,N,2.965,2.903,0.062,0.072,48,0.0,0.0,0.0017,True,True
AI_Qwen_Order_NAG,Country=Philippines,Emotional Stability,N,2.964,2.903,0.061,0.071,39,0.0001,0.0001,0.0071,True,True
AI_GPT4o_Explicit,Race=Caucasian (European),Extroversion,E,2.959,3.012,-0.053,-0.071,10537,0.0,0.0,0.0,True,True
AI_Qwen_Order_GAN,Age=16,Emotional Stability,N,2.964,2.903,0.061,0.071,53,0.0,0.0,0.0003,True,True
AI_GPT4o_Explicit,Country=United Kingdom of Great Britain and Northern Ireland,Extroversion,E,2.95,3.012,-0.062,-0.07,1583,0.0,0.0,0.0,True,True
Human,Country=United States of America,Emotional Stability,N,2.963,2.903,0.06,0.069,8634,0.0,0.0,0.0001,True,True
AI_Qwen_Order_AGN,Age_Group=50+,Emotional Stability,N,2.962,2.903,0.059,0.069,60,0.0,0.0,0.0013,True,True
AI_GPT4o_NLP,Race=Caucasian (Middle East),Openness,O,3.869,3.911,-0.042,-0.068,507,0.0,0.0,0.0,True,True
AI_GPT4o_Explicit,Age=34,Extroversion,E,3.074,3.012,0.062,0.068,234,0.0,0.0,0.0022,True,True
AI_GPT4o_Explicit,Country=Italy,Extroversion,E,3.073,3.012,0.061,0.067,266,0.0,0.0,0.0103,True,True
AI_GPT4o_Explicit,Age_Group=18-25,Conscientiousness,C,3.386,3.345,0.041,0.067,8541,0.0,0.0,0.0,True,True
AI_GPT4o_Explicit,Age=18,Extroversion,E,2.952,3.012,-0.06,-0.067,1523,0.0,0.0,0.0,True,True
AI_GPT4o_Explicit,Country=Philippines,Extroversion,E,2.952,3.012,-0.06,-0.066,660,0.0,0.0,0.0,True,True
AI_GPT4o_Order_NAG,Country=United States of America,Extroversion,E,3.072,3.012,0.06,0.066,432,0.0,0.0,0.0,True,True
AI_GPT4o_Order_NAG,Age_Group=26-34,Extroversion,E,3.072,3.012,0.06,0.065,171,0.0003,0.0004,0.0415,True,True
AI_GPT4o_Explicit,Age=27,Extroversion,E,3.07,3.012,0.058,0.064,473,0.0,0.0,0.0,True,True
AI_GPT4o_Order_AGN,Age_Group=18-25,Conscientiousness,C,3.391,3.345,0.046,0.064,433,0.0,0.0,0.0,True,True
AI_Qwen_Order_GAN,Country=Australia,Emotional Stability,N,2.958,2.903,0.055,0.064,53,0.0,0.0,0.003,True,True
AI_Qwen_Order_AGN,Race=Mixed Race,Emotional Stability,N,2.957,2.903,0.054,0.063,74,0.0,0.0,0.0006,True,True
Human,Country=United States of America,Openness,O,3.95,3.911,0.039,0.063,8634,0.0,0.0,0.0008,True,True
AI_GPT4o_NLP,Race=Other,Openness,O,3.874,3.911,-0.037,-0.063,2628,0.0,0.0,0.0,True,True
AI_GPT4o_Order_AGN,Gender=Male,Conscientiousness,C,3.39,3.345,0.045,0.062,397,0.0,0.0,0.0041,True,True
Human,Gender=Male,Extroversion,E,2.956,3.012,-0.056,-0.061,7367,0.0,0.0001,0.0052,True,True
AI_Qwen_NLP,Gender=Female,Conscientiousness,C,3.301,3.345,-0.044,-0.061,736,0.0,0.0,0.0001,True,True
AI_GPT4o_Explicit,Race=Caucasian (Middle East),Extroversion,E,2.956,3.012,-0.056,-0.061,507,0.0,0.0,0.0002,True,True
AI_GPT4o_Explicit,Age=25,Extroversion,E,3.067,3.012,0.055,0.061,680,0.0,0.0,0.0,True,True
AI_GPT4o_Explicit,Age=21,Conscientiousness,C,3.386,3.345,0.041,0.058,1235,0.0,0.0,0.0,True,True
AI_GPT4o_Explicit,Age=33,Extroversion,E,3.065,3.012,0.053,0.058,260,0.0001,0.0001,0.0381,True,True
AI_GPT4o_NLP,Age=27,Openness,O,3.876,3.911,-0.035,-0.057,473,0.0001,0.0001,0.0312,True,True
Human,Age_Group=18-25,Conscientiousness,C,3.304,3.345,-0.041,-0.057,8280,0.0,0.0001,0.0083,True,True
AI_GPT4o_Explicit,Age=26,Extroversion,E,3.063,3.012,0.051,0.056,495,0.0,0.0,0.0013,True,True
AI_Qwen_Order_NAG,Age=22,Emotional Stability,N,2.95,2.903,0.047,0.055,46,0.0003,0.0003,0.0369,True,True
AI_GPT4o_Explicit,Age=30,Extroversion,E,3.061,3.012,0.049,0.054,393,0.0,0.0,0.0225,True,True
AI_GPT4o_Order_AGN,Race=Caucasian (European),Extroversion,E,2.963,3.012,-0.049,-0.054,543,0.0,0.0,0.0006,True,True
AI_Qwen_NLP,Age_Group=18-25,Conscientiousness,C,3.309,3.345,-0.036,-0.05,539,0.0001,0.0001,0.008,True,True
AI_GPT4o_Explicit,Age=20,Extroversion,E,2.971,3.012,-0.041,-0.046,1197,0.0,0.0,0.0005,True,True
AI_GPT4o_Explicit,Gender=Female,Extroversion,E,2.979,3.012,-0.033,-0.045,11854,0.0,0.0,0.0012,True,True
AI_GPT4o_Explicit,Country=Australia,Extroversion,E,2.974,3.012,-0.038,-0.042,1025,0.0,0.0,0.0205,True,True
AI_GPT4o_Explicit,Age=19,Conscientiousness,C,3.316,3.345,-0.029,-0.041,1253,0.0,0.0,0.0064,True,True
AI_GPT4o_Explicit,Gender=Male,Extroversion,E,2.98,3.012,-0.032,-0.041,7767,0.0,0.0,0.0036,True,True
AI_GPT4o_Explicit,Country=United States of America,Extroversion,E,2.982,3.012,-0.03,-0.039,8851,0.0,0.0,0.0114,True,True
